tag,class,file,story_title,story_file,superclass_chain,own_count,own_props,inherited_count,inherited_props,all_count,last_prop_commit_date,last_prop_commit,last_prop_commit_source,prop_changed_since_import
obc-accordion-card,ObcAccordionCard,src/components/accordion-card/accordion-card.ts,UI Components/Sections/Accordion Card,src/components/accordion-card/accordion-card.stories.ts,LitElement,14,"cardTitle, description, statusLabel, expanded, disabled, hasAlert, hasDescription, hasStatusLabel, hasLeadingIcon, position, size, alertFrameType, alertFrameThickness, alertFrameStatus",0,,14,2026-06-12,9289a0a|chore(release): 2.0.0-next.66 [skip ci],accordion-card.ts,no (unchanged since import)
obc-accordion-item,ObcAccordionItem,src/components/accordion-item/accordion-item.ts,UI Components/Sections/Accordion Item,src/components/accordion-item/accordion-item.stories.ts,LitElement,4,"title, open, disabled, showDivider",0,,4,2026-06-12,9289a0a|chore(release): 2.0.0-next.66 [skip ci],accordion-item.ts,no (unchanged since import)
obc-advice-button,ObcAdviceButton,src/components/advice-button/advice-button.ts,Application Components/Notifications/Advice Button,src/components/advice-button/advice-button.stories.ts,LitElement,5,"buttonStyle, count, showCount, isActive, ariaLabel",0,,5,2026-06-12,9289a0a|chore(release): 2.0.0-next.66 [skip ci],advice-button.ts,no (unchanged since import)
obc-advice-floating-item,ObcAdviceFloatingItem,src/components/advice-floating-item/advice-floating-item.ts,Application Components/Notifications/Advice Floating Item,src/components/advice-floating-item/advice-floating-item.stories.ts,LitElement,7,"type, direction, hasTimestamp, hasDay, action, action2, lineType",0,,7,2026-06-12,9289a0a|chore(release): 2.0.0-next.66 [skip ci],advice-floating-item.ts,no (unchanged since import)
obc-advice-menu-item,ObcAdviceMenuItem,src/components/advice-menu-item/advice-menu-item.ts,Application Components/Notifications/Advice Menu Item,src/components/advice-menu-item/advice-menu-item.stories.ts,LitElement,9,"hasIcon, title, description, day, time, open, size, primaryActionLabel, secondaryActionLabel",0,,9,2026-06-12,9289a0a|chore(release): 2.0.0-next.66 [skip ci],advice-menu-item.ts,no (unchanged since import)
obc-advice-message-item,ObcAdviceMessageItem,src/components/advice-message-item/advice-message-item.ts,Application Components/Notifications/Advice Message Item,src/components/advice-message-item/advice-message-item.stories.ts,LitElement,13,"title, description, time, timeSecondary, actionLabel, type, size, showTitle, showDescription, showTimestamp, hasTimestamp2, hasSecondaryIcon, emptyText",0,,13,2026-06-12,9289a0a|chore(release): 2.0.0-next.66 [skip ci],advice-message-item.ts,no (unchanged since import)
obc-alert-button,ObcAlertButton,src/components/alert-button/alert-button.ts,Application Components/Alerts/Alert Button,src/components/alert-button/alert-button.stories.ts,LitElement,10,"nAlerts, alertType, type, large, showSilenceButton, silenceButtonDisabled, counter, blinking, flatMaxBreakpointPx, silenceButtonMinBreakpointPx",0,,10,2026-06-12,9289a0a|chore(release): 2.0.0-next.66 [skip ci],alert-button.ts,no (unchanged since import)
obc-alert-detail-page,ObcAlertDetailPage,src/pages/alert-detail-page/alert-detail-page.ts,Pages/Alert Detail Page,src/pages/alert-detail-page/alert-detail-page.stories.ts,LitElement,16,"type, alert, hasNote, hasActions, hasTagId, hasCategory, hasActivated, hasTimer, hasAcknowledged, hasAcknowledgedBy, hasRectified, hasShelvingTimer, hasShelvedBy, hasReadoutGraph, timeFormatter, timeSinceFormatter",0,,16,2026-06-12,9289a0a|chore(release): 2.0.0-next.66 [skip ci],alert-detail-page.ts,no (unchanged since import)
obc-alert-floating-item,ObcAlertFloatingItem,src/components/alert-floating-item/alert-floating-item.ts,Application Components/Alerts/Alert Floating Item,src/components/alert-floating-item/alert-floating-item.stories.ts,LitElement,7,"type, direction, hasTimestamp, hasDay, action, action2, lineType",0,,7,2026-06-12,9289a0a|chore(release): 2.0.0-next.66 [skip ci],alert-floating-item.ts,no (unchanged since import)
obc-alert-frame,ObcAlertFrame,src/components/alert-frame/alert-frame.ts,UI Components/Message and Alerts/Alert Frame,src/components/alert-frame/alert-frame.stories.ts,LitElement,13,"type, thickness, status, mode, wrapContent, fullWidth, sharpEdgeTopLeft, sharpEdgeTopRight, sharpEdgeBottomLeft, sharpEdgeBottomRight, textSize, showIcon, showAlertCategoryIcon",0,,13,2026-06-24,32b14a8|fix(readout-list-item): fill full width when wrapped in alert frame (#1001),alert-frame.ts,yes
obc-alert-icon,ObcAlertIcon,src/components/alert-icon/alert-icon.ts,Application Components/Alerts/Alert Icon,src/components/alert-icon/alert-icon.stories.ts,LitElement,4,"type, acknowledged, active, outline",0,,4,2026-06-12,9289a0a|chore(release): 2.0.0-next.66 [skip ci],alert-icon.ts,no (unchanged since import)
obc-alert-list,ObcAlertList,src/building-blocks/alert-list/alert-list.ts,Application Components/Alerts/Alert List,src/building-blocks/alert-list/alert-list.stories.ts,LitElement,1,filter,0,,1,2026-06-12,9289a0a|chore(release): 2.0.0-next.66 [skip ci],alert-list.ts,no (unchanged since import)
obc-alert-list-details,ObcAlertListDetails,src/components/alert-list-details/alert-list-details.ts,Application Components/Alerts/Alert List Details,src/components/alert-list-details/alert-list-details.stories.ts,LitElement,5,"selectedMode, alerts, showTime, timeFormatter, small",0,,5,2026-06-12,9289a0a|chore(release): 2.0.0-next.66 [skip ci],alert-list-details.ts,no (unchanged since import)
obc-alert-list-page-small,ObcAlertListPageSmall,src/pages/alert-list-page-small/alert-list-page-small.ts,Pages/Alert List Small,src/pages/alert-list-page-small/alert-list-page-small.stories.ts,LitElement,5,"hasShelved, selectedMode, alerts, showTime, timeFormatter",0,,5,2026-06-12,9289a0a|chore(release): 2.0.0-next.66 [skip ci],alert-list-page-small.ts,no (unchanged since import)
obc-alert-menu,ObcAlertMenu,src/components/alert-menu/alert-menu.ts,Application Components/Alerts/Alert Menu,src/components/alert-menu/alert-menu.stories.ts,LitElement,4,"hasShelved, canAckAll, showSilenceButton, showAlertListButton",0,,4,2026-06-12,9289a0a|chore(release): 2.0.0-next.66 [skip ci],alert-menu.ts,no (unchanged since import)
obc-alert-menu-item,ObcAlertMenuItem,src/components/alert-menu-item/alert-menu-item.ts,Application Components/Alerts/Alert Menu Item,src/components/alert-menu-item/alert-menu-item.stories.ts,LitElement,13,"hasIcon, shelved, title, description, day, time, status, open, size, animateIntro, secondaryActionLabel, primaryActionState, secondaryActionState",0,,13,2026-06-17,2f151fe|feat(alert-menu-item): add secondary action and hide/disable options to actions (#978),alert-menu-item.ts,yes
obc-analog-valve,ObcAnalogValve,src/automation/analog-valve/analog-valve.ts,Automation/Automation Devices/Analog Valve,src/automation/analog-valve/analog-valve.stories.ts,ObcAbstractAutomationButton,5,"open, value, vertical, labelDirection, variant",19,"showReadoutStack <- ObcAbstractAutomationButton, readoutPosition <- ObcAbstractAutomationButton, readoutSize <- ObcAbstractAutomationButton, positioning <- ObcAbstractAutomationButton, alert <- ObcAbstractAutomationButton, alertFrameType <- ObcAbstractAutomationButton, alertFrameThickness <- ObcAbstractAutomationButton, alertFrameStatus <- ObcAbstractAutomationButton, alertFrameMode <- ObcAbstractAutomationButton, showAlertCategoryIcon <- ObcAbstractAutomationButton, showAlertIcon <- ObcAbstractAutomationButton, progress <- ObcAbstractAutomationButton, progressMode <- ObcAbstractAutomationButton, progressValue <- ObcAbstractAutomationButton, tag <- ObcAbstractAutomationButton, badgeControl <- ObcAbstractAutomationButton, badgeCommandLocked <- ObcAbstractAutomationButton, badgeInterlock <- ObcAbstractAutomationButton, badgeAlert <- ObcAbstractAutomationButton",24,2026-06-18,34fe3d1|docs: add @availebleWhen jsdoc (#982),abstract-automation-button.ts,yes
obc-app-button,ObcAppButton,src/components/app-button/app-button.ts,UI Components/Buttons/App Button,src/components/app-button/app-button.stories.ts,LitElement,6,"label, checked, showLabel, integration, size, disabled",0,,6,2026-06-12,9289a0a|chore(release): 2.0.0-next.66 [skip ci],app-button.ts,no (unchanged since import)
obc-app-menu,ObcAppMenu,src/components/app-menu/app-menu.ts,Application Components/Menus/App Menu,src/components/app-menu/app-menu.stories.ts,LitElement,0,,0,,0,,,,unknown
obc-area-graph,ObcAreaGraph,src/bars-graphs/area-graph/area-graph.ts,Bars and Graphs/Area Graph,src/bars-graphs/area-graph/area-graph.stories.ts,ObcChartLineBase,2,"fillMode, stacked",33,"data <- ObcChartLineBase, datasets <- ObcChartLineBase, labels <- ObcChartLineBase, colors <- ObcChartLineBase, legend <- ObcChartLineBase, showDebugOverlay <- ObcChartLineBase, width <- ObcChartLineBase, height <- ObcChartLineBase, fixedAspectRatioScaling <- ObcChartLineBase, scaleReferenceSize <- ObcChartLineBase, xAxisType <- ObcChartLineBase, yAxisPosition <- ObcChartLineBase, yAxes <- ObcChartLineBase, showGrid <- ObcChartLineBase, showGridX <- ObcChartLineBase, showGridY <- ObcChartLineBase, showTickMarks <- ObcChartLineBase, hasLabelPadding <- ObcChartLineBase, showPoints <- ObcChartLineBase, lineMode <- ObcChartLineBase, unit <- ObcChartLineBase, timeDisplay <- ObcChartLineBase, xTicksLimit <- ObcChartLineBase, xStepSize <- ObcChartLineBase, yTicksLimit <- ObcChartLineBase, yStepSize <- ObcChartLineBase, state <- ObcChartLineBase, priority <- ObcChartLineBase, frameStyle <- ObcChartLineBase, borderRadiusPosition <- ObcChartLineBase, borderRadiusPositionExternalScales <- ObcChartLineBase, instrumentMode <- ObcChartLineBase, borderRadius <- ObcChartLineBase",35,2026-06-12,9289a0a|chore(release): 2.0.0-next.66 [skip ci],area-graph.ts,no (unchanged since import)
obc-attachment-list-item,ObcAttachmentListItem,src/components/attachment-list-item/attachment-list-item.ts,UI Components/Tables and Lists/Attachment List Item,src/components/attachment-list-item/attachment-list-item.stories.ts,LitElement,12,"label, index, hasIndex, hasLeadingIcon, hasTag, hasTimeDate, date, time, hasTrailingAction, showDivider, amplified, disabled",0,,12,2026-06-12,9289a0a|chore(release): 2.0.0-next.66 [skip ci],attachment-list-item.ts,no (unchanged since import)
obc-audio-output,ObcAudioOutput,src/components/audio-output/audio-output.ts,UI Components/Media/Audio Output,src/components/audio-output/audio-output.stories.ts,LitElement,2,"volume, disabled",0,,2,2026-06-12,9289a0a|chore(release): 2.0.0-next.66 [skip ci],audio-output.ts,no (unchanged since import)
obc-audio-recording-item,ObcAudioRecordingItem,src/components/audio-recording-item/audio-recording-item.ts,UI Components/Media/Audio Recording Item,src/components/audio-recording-item/audio-recording-item.stories.ts,LitElement,6,"audioLevels, duration, status, playbackPosition, isPlaying, enhanced",0,,6,2026-06-12,9289a0a|chore(release): 2.0.0-next.66 [skip ci],audio-recording-item.ts,no (unchanged since import)
obc-automation-badge,ObcAutomationBadge,src/automation/automation-badge/automation-badge.ts,Automation/Automation Configurations/Automation Badge,src/automation/automation-badge/automation-badge.stories.ts,LitElement,2,"mode, type",0,,2,2026-06-12,9289a0a|chore(release): 2.0.0-next.66 [skip ci],automation-badge.ts,no (unchanged since import)
obc-automation-button,ObcAutomationButton,src/automation/automation-button/automation-button.ts,Automation/Automation Devices/Automation Button,src/automation/automation-button/automation-button.stories.ts,LitElement,22,"variant, state, static, showReadoutStack, readouts, tag, readoutPosition, readoutSize, alert, alertFrameType, alertFrameThickness, alertFrameStatus, alertFrameMode, showAlertCategoryIcon, showAlertIcon, progress, progressMode, progressValue, direction, positioning, orientation, hasBadgeSpacer",0,,22,2026-06-19,ac05f94|feat(automation): add orientation prop to squared automation devices (#987),automation-button.ts,yes
obc-automation-button-readout-stack,ObcAutomationButtonReadoutStack,src/components/automation-button-readout-stack/automation-button-readout-stack.ts,Building Blocks/Automation Button Readout Stack,src/components/automation-button-readout-stack/automation-button-readout-stack.stories.ts,LitElement,4,"readouts, tag, size, idTagOrientation",0,,4,2026-06-12,9289a0a|chore(release): 2.0.0-next.66 [skip ci],automation-button-readout-stack.ts,no (unchanged since import)
obc-automation-input-modal,ObcAutomationInputModal,src/automation/automation-input-modal/automation-input-modal.ts,Automation/Automation Control,src/automation/automation-input-modal/automation-input-modal.stories.ts,LitElement,0,,0,,0,,,,unknown
obc-automation-readout,ObcAutomationReadout,src/automation/automation-readout/automation-readout.ts,Automation/Readouts/Readout,src/automation/automation-readout/automation-readout.stories.ts,LitElement,5,"value, unit, numberOfDigits, position, lineType",0,,5,2026-06-12,9289a0a|chore(release): 2.0.0-next.66 [skip ci],automation-readout.ts,no (unchanged since import)
obc-automation-tank,ObcAutomationTank,src/automation/automation-tank/automation-tank.ts,Automation/Tanks/Tank,src/automation/automation-tank/automation-tank.stories.ts,LitElement,29,"medium, value, max, trend, type, orientation, compact, positioning, static, tag, chartMode, chartData, priority, advice, hasAdvice, hasGraphIcon, alert, alertFrameType, alertFrameThickness, alertFrameStatus, showAlertCategoryIcon, showAlertIcon, showTrendSymbol, percentFractionDigits, readout, badgeControl, badgeAlert, badgeInterlock, badgeCommandLocked",0,,29,2026-06-12,9289a0a|chore(release): 2.0.0-next.66 [skip ci],automation-tank.ts,no (unchanged since import)
obc-azimuth-thruster,ObcAzimuthThruster,src/navigation-instruments/azimuth-thruster/azimuth-thruster.ts,Instruments/Azimuth Thruster,src/navigation-instruments/azimuth-thruster/azimuth-thruster.stories.ts,LitElement,34,"angle, angleSetpoint, newAngleSetpoint, atAngleSetpoint, angleSetpointAtZeroDeadband, angleSetpointOverride, touching, autoAtAngleSetpoint, autoAtAngleSetpointDeadband, animateSetpoint, primaryTickmarkInterval, secondaryTickmarkInterval, tertiaryTickmarkInterval, showLabels, tickmarksInside, thrust, thrustSetpoint, newThrustSetpoint, atThrustSetpoint, thrustSetpointAtZeroDeadband, thrustSetpointOverride, autoAtThrustSetpoint, autoAtThrustSetpointDeadband, state, priority, loading, hasLabelSpacer, angleAdvices, thrustAdvices, singleDirection, topPropeller, bottomPropeller, tickmarkStyle, starboardPortIndicator",0,,34,2026-06-12,9289a0a|chore(release): 2.0.0-next.66 [skip ci],azimuth-thruster.ts,no (unchanged since import)
obc-azimuth-thruster-labeled,ObcAzimuthThrusterLabeled,src/navigation-instruments/azimuth-thruster-labeled/azimuth-thruster-labeled.ts,Instruments/Azimuth Thruster Labeled,src/navigation-instruments/azimuth-thruster-labeled/azimuth-thruster-labeled.stories.ts,LitElement,26,"label, commandStatus, size, readoutVariant, angle, angleSetpoint, newAngleSetpoint, atAngleSetpoint, angleSetpointAtZeroDeadband, angleSetpointOverride, autoAtAngleSetpoint, autoAtAngleSetpointDeadband, touching, thrust, thrustSetpoint, atThrustSetpoint, autoAtThrustSetpoint, autoAtThrustSetpointDeadband, thrustSetpointAtZeroDeadband, thrustSetpointOverride, angleAdvices, thrustAdvices, tickmarkStyle, singleDirection, topPropeller, bottomPropeller",0,,26,2026-06-12,9289a0a|chore(release): 2.0.0-next.66 [skip ci],azimuth-thruster-labeled.ts,no (unchanged since import)
obc-badge,ObcBadge,src/components/badge/badge.ts,UI Components/Message and Alerts/Badge,src/components/badge/badge.stories.ts,LitElement,6,"number, showNumber, type, size, variant, showIcon",0,,6,2026-06-12,9289a0a|chore(release): 2.0.0-next.66 [skip ci],badge.ts,no (unchanged since import)
obc-badge-command,ObcBadgeCommand,src/navigation-instruments/badge-command/badge-command.ts,Instruments/Badge Command,src/navigation-instruments/badge-command/badge-command.stories.ts,LitElement,2,"status, large",0,,2,2026-06-12,9289a0a|chore(release): 2.0.0-next.66 [skip ci],badge-command.ts,no (unchanged since import)
obc-bar-horizontal,ObcBarHorizontal,src/building-blocks/bar-horizontal/bar-horizontal.ts,Bars and Graphs/Bar Horizontal,src/building-blocks/bar-horizontal/bar-horizontal.stories.ts,SetpointMixin,34,"minValue, maxValue, width, paddingLeft, paddingRight, side, fixedAspectRatio, scaleReferenceSize, hasScale, showLabels, hasBar, scaleBackground, barContainerStyle, barThickness, tickThickness, labelThickness, mainTickmarks, primaryTickmarkInterval, secondaryTickmarkInterval, tertiaryTickmarkInterval, scaleType, frameStyle, borderRadiusPosition, instrumentMode, borderRadius, priority, fillMode, fillMin, fillMax, value, state, advicePosition, advices, highlightCurrentValue",9,"setpoint <- SetpointMixin, newSetpoint <- SetpointMixin, atSetpoint <- SetpointMixin, touching <- SetpointMixin, autoAtSetpoint <- SetpointMixin, autoAtSetpointDeadband <- SetpointMixin, setpointAtZeroDeadband <- SetpointMixin, setpointOverride <- SetpointMixin, animateSetpoint <- SetpointMixin",43,2026-06-12,9289a0a|chore(release): 2.0.0-next.66 [skip ci],bar-horizontal.ts,no (unchanged since import)
obc-bar-vertical,ObcBarVertical,src/building-blocks/bar-vertical/bar-vertical.ts,Bars and Graphs/Bar Vertical,src/building-blocks/bar-vertical/bar-vertical.stories.ts,SetpointMixin,34,"minValue, maxValue, height, paddingTop, paddingBottom, side, fixedAspectRatio, scaleReferenceSize, hasScale, showLabels, hasBar, scaleBackground, barContainerStyle, barThickness, tickThickness, labelThickness, mainTickmarks, primaryTickmarkInterval, secondaryTickmarkInterval, tertiaryTickmarkInterval, scaleType, frameStyle, borderRadiusPosition, instrumentMode, borderRadius, priority, fillMode, fillMin, fillMax, value, state, advicePosition, advices, highlightCurrentValue",9,"setpoint <- SetpointMixin, newSetpoint <- SetpointMixin, atSetpoint <- SetpointMixin, touching <- SetpointMixin, autoAtSetpoint <- SetpointMixin, autoAtSetpointDeadband <- SetpointMixin, setpointAtZeroDeadband <- SetpointMixin, setpointOverride <- SetpointMixin, animateSetpoint <- SetpointMixin",43,2026-06-12,9289a0a|chore(release): 2.0.0-next.66 [skip ci],bar-vertical.ts,no (unchanged since import)
obc-battery-icon,ObcBatteryIcon,src/components/battery-icon/battery-icon.ts,Icons/Battery Icon,src/components/battery-icon/battery-icon.stories.ts,LitElement,5,"level, charging, poweredNotCharging, notification, horizontal",0,,5,2026-06-12,9289a0a|chore(release): 2.0.0-next.66 [skip ci],battery-icon.ts,no (unchanged since import)
obc-bearing-indicator,ObcBearingIndicator,src/navigation-instruments/bearing-indicator/bearing-indicator.ts,Indicators/Bearing Indicator,src/navigation-instruments/bearing-indicator/bearing-indicator.stories.ts,LitElement,1,bearingDeg,0,,1,2026-06-12,9289a0a|chore(release): 2.0.0-next.66 [skip ci],bearing-indicator.ts,no (unchanged since import)
obc-bipolar-transistor,ObcBipolarTransistor,src/automation/bipolar-transistor/bipolar-transistor.ts,Automation/Automation Devices/Bipolar Transistor,src/automation/bipolar-transistor/bipolar-transistor.stories.ts,ObcAbstractAutomationButtonSquared -> ObcAbstractAutomationButton,1,alternativeIcon,22,"on <- ObcAbstractAutomationButtonSquared, variant <- ObcAbstractAutomationButtonSquared, orientation <- ObcAbstractAutomationButtonSquared, showReadoutStack <- ObcAbstractAutomationButton, readoutPosition <- ObcAbstractAutomationButton, readoutSize <- ObcAbstractAutomationButton, positioning <- ObcAbstractAutomationButton, alert <- ObcAbstractAutomationButton, alertFrameType <- ObcAbstractAutomationButton, alertFrameThickness <- ObcAbstractAutomationButton, alertFrameStatus <- ObcAbstractAutomationButton, alertFrameMode <- ObcAbstractAutomationButton, showAlertCategoryIcon <- ObcAbstractAutomationButton, showAlertIcon <- ObcAbstractAutomationButton, progress <- ObcAbstractAutomationButton, progressMode <- ObcAbstractAutomationButton, progressValue <- ObcAbstractAutomationButton, tag <- ObcAbstractAutomationButton, badgeControl <- ObcAbstractAutomationButton, badgeCommandLocked <- ObcAbstractAutomationButton, badgeInterlock <- ObcAbstractAutomationButton, badgeAlert <- ObcAbstractAutomationButton",23,2026-06-19,ac05f94|feat(automation): add orientation prop to squared automation devices (#987),abstract-automation-button-squared.ts,yes
obc-breadcrumb,ObcBreadcrumb,src/components/breadcrumb/breadcrumb.ts,UI Components/Menus and Navigation/Breadcrumb,src/components/breadcrumb/breadcrumb.stories.ts,LitElement,2,"items, iconOnly",0,,2,2026-06-12,9289a0a|chore(release): 2.0.0-next.66 [skip ci],breadcrumb.ts,no (unchanged since import)
obc-brilliance-menu,ObcBrillianceMenu,src/components/brilliance-menu/brilliance-menu.ts,Application Components/Menus/Brilliance Menu,src/components/brilliance-menu/brilliance-menu.stories.ts,LitElement,17,"palette, brightness, showLinkBrightness, showLinkPalette, showBrightness, showPalette, showNightPalette, showDuskPalette, showDayPalette, showBrightPalette, variant, brightnessUnit, brightnessMax, brightnessMinorStep, brightnessMajorStep, brightnessInputVariant, showScreenControlLink",0,,17,2026-06-12,9289a0a|chore(release): 2.0.0-next.66 [skip ci],brilliance-menu.ts,no (unchanged since import)
obc-button,ObcButton,src/components/button/button.ts,UI Components/Buttons/Button,src/components/button/button.stories.ts,LitElement,8,"variant, fullWidth, disabled, showLeadingIcon, showTrailingIcon, href, target, segmentPosition",0,,8,2026-06-12,9289a0a|chore(release): 2.0.0-next.66 [skip ci],button.ts,no (unchanged since import)
obc-calendar,ObcCalendar,src/components/calendar/calendar.ts,Team Standup,src/components/calendar/calendar.stories.ts,LitElement,10,"type, date, selectedDate, events, hasEventList, hasFooter, locale, firstDayOfWeek, footerLabel, footerHref",0,,10,2026-06-12,9289a0a|chore(release): 2.0.0-next.66 [skip ci],calendar.ts,no (unchanged since import)
obc-capacitor,ObcCapacitor,src/automation/capacitor/capacitor.ts,Automation/Automation Devices/Capacitor,src/automation/capacitor/capacitor.stories.ts,ObcAbstractAutomationButtonSquared -> ObcAbstractAutomationButton,1,alternativeIcon,22,"on <- ObcAbstractAutomationButtonSquared, variant <- ObcAbstractAutomationButtonSquared, orientation <- ObcAbstractAutomationButtonSquared, showReadoutStack <- ObcAbstractAutomationButton, readoutPosition <- ObcAbstractAutomationButton, readoutSize <- ObcAbstractAutomationButton, positioning <- ObcAbstractAutomationButton, alert <- ObcAbstractAutomationButton, alertFrameType <- ObcAbstractAutomationButton, alertFrameThickness <- ObcAbstractAutomationButton, alertFrameStatus <- ObcAbstractAutomationButton, alertFrameMode <- ObcAbstractAutomationButton, showAlertCategoryIcon <- ObcAbstractAutomationButton, showAlertIcon <- ObcAbstractAutomationButton, progress <- ObcAbstractAutomationButton, progressMode <- ObcAbstractAutomationButton, progressValue <- ObcAbstractAutomationButton, tag <- ObcAbstractAutomationButton, badgeControl <- ObcAbstractAutomationButton, badgeCommandLocked <- ObcAbstractAutomationButton, badgeInterlock <- ObcAbstractAutomationButton, badgeAlert <- ObcAbstractAutomationButton",23,2026-06-19,ac05f94|feat(automation): add orientation prop to squared automation devices (#987),abstract-automation-button-squared.ts,yes
obc-card,ObcCard,src/components/card/card.ts,UI Components/Sections/Card,src/components/card/card.stories.ts,LitElement,4,"showTitle, hasDialog, dialogTimeOutSeconds, dialogVisibleTimerSeconds",0,,4,2026-06-12,9289a0a|chore(release): 2.0.0-next.66 [skip ci],card.ts,no (unchanged since import)
obc-chart-object-vessel-button,ObcChartObjectVesselButton,src/ar/chart-object-vessel-button/chart-object-vessel-button.ts,AR/Chart Object Vessel Button,src/ar/chart-object-vessel-button/chart-object-vessel-button.stories.ts,LitElement,13,"heading, course, speedIndicator, turnRate, number, name, state, type, selected, courseArrowPx, ownShipIndicator, vesselImage, vesselImageSize",0,,13,2026-06-12,9289a0a|chore(release): 2.0.0-next.66 [skip ci],chart-object-vessel-button.ts,no (unchanged since import)
obc-chat-message,ObcChatMessage,src/components/chat-message/chat-message.ts,UI Components/Chat/Chat Message,src/components/chat-message/chat-message.stories.ts,LitElement,7,"name, showName, date, showDate, position, dateFormatter, self",0,,7,2026-06-12,9289a0a|chore(release): 2.0.0-next.66 [skip ci],chat-message.ts,no (unchanged since import)
obc-check-button,ObcCheckButton,src/components/check-button/check-button.ts,UI Components/Selection Controls and Switches/Check Button,src/components/check-button/check-button.stories.ts,LitElement,9,"type, checked, disabled, fullWidth, width, showIcon, hasCheckedIcon, hasUncheckedIcon, checkboxAppearance",0,,9,2026-06-12,9289a0a|chore(release): 2.0.0-next.66 [skip ci],check-button.ts,no (unchanged since import)
obc-checkbox,ObcCheckbox,src/components/checkbox/checkbox.ts,UI Components/Selection Controls and Switches/Checkbox,src/components/checkbox/checkbox.stories.ts,LitElement,4,"status, state, disabled, hasHoverEffects",0,,4,2026-06-12,9289a0a|chore(release): 2.0.0-next.66 [skip ci],checkbox.ts,no (unchanged since import)
obc-checkbox-item,ObcCheckboxItem,src/components/checkbox-item/checkbox-item.ts,UI Components/Selection Controls and Switches/Checkbox Item,src/components/checkbox-item/checkbox-item.stories.ts,LitElement,9,"status, state, disabled, label, isNested, isLevel1, isLevel2, hoverStyle, ariaDescribedBy",0,,9,2026-06-12,9289a0a|chore(release): 2.0.0-next.66 [skip ci],checkbox-item.ts,no (unchanged since import)
obc-clock,ObcClock,src/components/clock/clock.ts,Application Components/Top Elements/Clock,src/components/clock/clock.stories.ts,LitElement,15,"date, showSeconds, showDate, showTimezone, timeZoneOffsetHours, isClickable, showYear, showWeekday, locale, hour12, selected, double, activated, integrationBarMode, blinkOnlyBreakpointPx",0,,15,2026-06-12,9289a0a|chore(release): 2.0.0-next.66 [skip ci],clock.ts,no (unchanged since import)
obc-command-button,ObcCommandButton,src/components/command-button/command-button.ts,Application Components/Menus/Command Button,src/components/command-button/command-button.stories.ts,LitElement,1,inCommand,0,,1,2026-06-12,9289a0a|chore(release): 2.0.0-next.66 [skip ci],command-button.ts,no (unchanged since import)
obc-command-menu,ObcCommandMenu,src/components/command-menu/command-menu.ts,Application Components/Menus/Command Menu,src/components/command-menu/command-menu.stories.ts,LitElement,2,"inCommand, showLocation",0,,2,2026-06-12,9289a0a|chore(release): 2.0.0-next.66 [skip ci],command-menu.ts,no (unchanged since import)
obc-communication-table,ObcCommunicationTable,src/components/communication-table/communication-table.ts,UI Components/Communication/Communication Table,src/components/communication-table/communication-table.stories.ts,LitElement,5,"data, showLeadingIcon, showLabel, showActionIcon, largeLeadingIcon",0,,5,2026-06-12,9289a0a|chore(release): 2.0.0-next.66 [skip ci],communication-table.ts,no (unchanged since import)
obc-compass,ObcCompass,src/navigation-instruments/compass/compass.ts,Instruments/Compass,src/navigation-instruments/compass/compass.stories.ts,LitElement,32,"heading, courseOverGround, headingSetpoint, newHeadingSetpoint, atHeadingSetpoint, headingSetpointAtZeroDeadband, headingSetpointOverride, autoAtHeadingSetpoint, autoAtHeadingSetpointDeadband, animateSetpoint, touching, headingAdvices, currentWindSpeedKnots, windFromDirection, currentSpeed, currentFromDirection, vesselImage, rateOfTurnDegreesPerMinute, rotDotAnimationFactor, rotationsPerMinute, rotType, rotPosition, rotMaxValue, rotArcExtent, rotPortStarboard, rotAtZeroDeadband, direction, state, priority, priorityElements, showLabels, tickmarksInside",0,,32,2026-06-12,9289a0a|chore(release): 2.0.0-next.66 [skip ci],compass.ts,no (unchanged since import)
obc-compass-flat,ObcCompassFlat,src/navigation-instruments/compass-flat/compass-flat.ts,Instruments/Compass Flat,src/navigation-instruments/compass-flat/compass-flat.stories.ts,LitElement,17,"FOVIndicator, heading, courseOverGround, tickInterval, FOV, minFOV, maxFOV, priority, priorityElements, rotType, rateOfTurnDegreesPerMinute, rotDotAnimationFactor, rotationsPerMinute, rotMaxValue, rotArcExtent, rotPortStarboard, rotAtZeroDeadband",0,,17,2026-06-12,9289a0a|chore(release): 2.0.0-next.66 [skip ci],compass-flat.ts,no (unchanged since import)
obc-compass-indicator,ObcCompassIndicator,src/navigation-instruments/compass-indicator/compass-indicator.ts,Indicators/Compass Indicator,src/navigation-instruments/compass-indicator/compass-indicator.stories.ts,LitElement,4,"angle, type, direction, northUp",0,,4,2026-06-12,9289a0a|chore(release): 2.0.0-next.66 [skip ci],compass-indicator.ts,no (unchanged since import)
obc-compass-sector,ObcCompassSector,src/navigation-instruments/compass-sector/compass-sector.ts,Instruments/Compass Sector,src/navigation-instruments/compass-sector/compass-sector.stories.ts,LitElement,30,"heading, courseOverGround, headingSetpoint, newHeadingSetpoint, atHeadingSetpoint, headingSetpointAtZeroDeadband, headingSetpointOverride, autoAtHeadingSetpoint, autoAtHeadingSetpointDeadband, animateSetpoint, touching, headingAdvices, minFOV, rotType, rotPosition, rateOfTurnDegreesPerMinute, rotDotAnimationFactor, rotationsPerMinute, rotMaxValue, rotPortStarboard, rotAtZeroDeadband, state, priority, priorityElements, tickmarksInside, zoomToFitArc, hasReadout, label, unit, fractionDigits",0,,30,2026-06-12,9289a0a|chore(release): 2.0.0-next.66 [skip ci],compass-sector.ts,no (unchanged since import)
obc-context-menu-input,ObcContextMenuInput,src/components/context-menu-input/context-menu-input.ts,UI Components/Menus and Navigation/Context Menu Input,src/components/context-menu-input/context-menu-input.stories.ts,LitElement,9,"type, options, selectedValues, hasTitleBar, title, columnGroups, itemsPerColumn, multiSelect, selectPerGroup",0,,9,2026-06-12,9289a0a|chore(release): 2.0.0-next.66 [skip ci],context-menu-input.ts,no (unchanged since import)
obc-converter,ObcConverter,src/automation/converter/converter.ts,Automation/Automation Devices/Converter,src/automation/converter/converter.stories.ts,ObcAbstractAutomationButtonSquared -> ObcAbstractAutomationButton,1,alternativeIcon,22,"on <- ObcAbstractAutomationButtonSquared, variant <- ObcAbstractAutomationButtonSquared, orientation <- ObcAbstractAutomationButtonSquared, showReadoutStack <- ObcAbstractAutomationButton, readoutPosition <- ObcAbstractAutomationButton, readoutSize <- ObcAbstractAutomationButton, positioning <- ObcAbstractAutomationButton, alert <- ObcAbstractAutomationButton, alertFrameType <- ObcAbstractAutomationButton, alertFrameThickness <- ObcAbstractAutomationButton, alertFrameStatus <- ObcAbstractAutomationButton, alertFrameMode <- ObcAbstractAutomationButton, showAlertCategoryIcon <- ObcAbstractAutomationButton, showAlertIcon <- ObcAbstractAutomationButton, progress <- ObcAbstractAutomationButton, progressMode <- ObcAbstractAutomationButton, progressValue <- ObcAbstractAutomationButton, tag <- ObcAbstractAutomationButton, badgeControl <- ObcAbstractAutomationButton, badgeCommandLocked <- ObcAbstractAutomationButton, badgeInterlock <- ObcAbstractAutomationButton, badgeAlert <- ObcAbstractAutomationButton",23,2026-06-19,ac05f94|feat(automation): add orientation prop to squared automation devices (#987),abstract-automation-button-squared.ts,yes
obc-corner-line,ObcCornerLine,src/automation/corner-line/corner-line.ts,Automation/Line/Corner Line,src/automation/corner-line/corner-line.stories.ts,LitElement,3,"medium, direction, lineType",0,,3,2026-06-12,9289a0a|chore(release): 2.0.0-next.66 [skip ci],corner-line.ts,no (unchanged since import)
obc-damper,ObcDamper,src/automation/damper/damper.ts,Automation/Automation Devices/Damper,src/automation/damper/damper.stories.ts,ObcAbstractAutomationButtonSquared -> ObcAbstractAutomationButton,0,,22,"on <- ObcAbstractAutomationButtonSquared, variant <- ObcAbstractAutomationButtonSquared, orientation <- ObcAbstractAutomationButtonSquared, showReadoutStack <- ObcAbstractAutomationButton, readoutPosition <- ObcAbstractAutomationButton, readoutSize <- ObcAbstractAutomationButton, positioning <- ObcAbstractAutomationButton, alert <- ObcAbstractAutomationButton, alertFrameType <- ObcAbstractAutomationButton, alertFrameThickness <- ObcAbstractAutomationButton, alertFrameStatus <- ObcAbstractAutomationButton, alertFrameMode <- ObcAbstractAutomationButton, showAlertCategoryIcon <- ObcAbstractAutomationButton, showAlertIcon <- ObcAbstractAutomationButton, progress <- ObcAbstractAutomationButton, progressMode <- ObcAbstractAutomationButton, progressValue <- ObcAbstractAutomationButton, tag <- ObcAbstractAutomationButton, badgeControl <- ObcAbstractAutomationButton, badgeCommandLocked <- ObcAbstractAutomationButton, badgeInterlock <- ObcAbstractAutomationButton, badgeAlert <- ObcAbstractAutomationButton",22,2026-06-19,ac05f94|feat(automation): add orientation prop to squared automation devices (#987),abstract-automation-button-squared.ts,yes
obc-date-item,ObcDateItem,src/components/date-item/date-item.ts,Application Components/Calendar/Date Item,src/components/date-item/date-item.stories.ts,LitElement,7,"size, disabled, events, eventCount, isToday, checked, get",0,,7,2026-06-12,9289a0a|chore(release): 2.0.0-next.66 [skip ci],date-item.ts,no (unchanged since import)
obc-depth-actual,ObcDepthActual,src/navigation-instruments/depth-actual/depth-actual.ts,Instruments/Depth Actual,src/navigation-instruments/depth-actual/depth-actual.stories.ts,LitElement,9,"depth, draft, advice, vesselScale, instrumentRange, primaryTickmarkInterval, secondaryTickmarkInterval, vesselImage, priority",0,,9,2026-06-12,9289a0a|chore(release): 2.0.0-next.66 [skip ci],depth-actual.ts,no (unchanged since import)
obc-depth-indicator,ObcDepthIndicator,src/navigation-instruments/depth-indicator/depth-indicator.ts,Indicators/Depth Indicator,src/navigation-instruments/depth-indicator/depth-indicator.stories.ts,LitElement,2,"variant, values",0,,2,2026-06-12,9289a0a|chore(release): 2.0.0-next.66 [skip ci],depth-indicator.ts,no (unchanged since import)
obc-digital-valve,ObcDigitalValve,src/automation/digital-valve/digital-valve.ts,Automation/Automation Devices/Digital Valve,src/automation/digital-valve/digital-valve.stories.ts,ObcAbstractAutomationButton,3,"open, vertical, variant",19,"showReadoutStack <- ObcAbstractAutomationButton, readoutPosition <- ObcAbstractAutomationButton, readoutSize <- ObcAbstractAutomationButton, positioning <- ObcAbstractAutomationButton, alert <- ObcAbstractAutomationButton, alertFrameType <- ObcAbstractAutomationButton, alertFrameThickness <- ObcAbstractAutomationButton, alertFrameStatus <- ObcAbstractAutomationButton, alertFrameMode <- ObcAbstractAutomationButton, showAlertCategoryIcon <- ObcAbstractAutomationButton, showAlertIcon <- ObcAbstractAutomationButton, progress <- ObcAbstractAutomationButton, progressMode <- ObcAbstractAutomationButton, progressValue <- ObcAbstractAutomationButton, tag <- ObcAbstractAutomationButton, badgeControl <- ObcAbstractAutomationButton, badgeCommandLocked <- ObcAbstractAutomationButton, badgeInterlock <- ObcAbstractAutomationButton, badgeAlert <- ObcAbstractAutomationButton",22,2026-06-18,34fe3d1|docs: add @availebleWhen jsdoc (#982),abstract-automation-button.ts,yes
obc-diodes,ObcDiodes,src/automation/diodes/diodes.ts,Automation/Automation Devices/Diodes,src/automation/diodes/diodes.stories.ts,ObcAbstractAutomationButtonSquared -> ObcAbstractAutomationButton,1,alternativeIcon,22,"on <- ObcAbstractAutomationButtonSquared, variant <- ObcAbstractAutomationButtonSquared, orientation <- ObcAbstractAutomationButtonSquared, showReadoutStack <- ObcAbstractAutomationButton, readoutPosition <- ObcAbstractAutomationButton, readoutSize <- ObcAbstractAutomationButton, positioning <- ObcAbstractAutomationButton, alert <- ObcAbstractAutomationButton, alertFrameType <- ObcAbstractAutomationButton, alertFrameThickness <- ObcAbstractAutomationButton, alertFrameStatus <- ObcAbstractAutomationButton, alertFrameMode <- ObcAbstractAutomationButton, showAlertCategoryIcon <- ObcAbstractAutomationButton, showAlertIcon <- ObcAbstractAutomationButton, progress <- ObcAbstractAutomationButton, progressMode <- ObcAbstractAutomationButton, progressValue <- ObcAbstractAutomationButton, tag <- ObcAbstractAutomationButton, badgeControl <- ObcAbstractAutomationButton, badgeCommandLocked <- ObcAbstractAutomationButton, badgeInterlock <- ObcAbstractAutomationButton, badgeAlert <- ObcAbstractAutomationButton",23,2026-06-19,ac05f94|feat(automation): add orientation prop to squared automation devices (#987),abstract-automation-button-squared.ts,yes
obc-direction-line,ObcDirectionLine,src/automation/direction-line/direction-line.ts,Automation/Line/Direction,src/automation/direction-line/direction-line.stories.ts,LitElement,2,"medium, lineType",0,,2,2026-06-12,9289a0a|chore(release): 2.0.0-next.66 [skip ci],direction-line.ts,no (unchanged since import)
obc-donut-chart,ObcDonutChart,src/bars-graphs/donut-chart/donut-chart.ts,Bars and Graphs/Donut Chart,src/bars-graphs/donut-chart/donut-chart.stories.ts,LitElement,16,"data, colors, priority, half, showOuterLabels, showUnit, outerLabelUnit, outerLabelMaxLength, outerLabelDecimalPlaces, centerReadoutLabel, centerReadoutUnit, max, thickness, legend, showDebugOverlay, fixedHeight",0,,16,2026-06-12,9289a0a|chore(release): 2.0.0-next.66 [skip ci],donut-chart.ts,no (unchanged since import)
obc-dropdown-button,ObcDropdownButton,src/components/dropdown-button/dropdown-button.ts,UI Components/Buttons/Dropdown Button,src/components/dropdown-button/dropdown-button.stories.ts,LitElement,10,"options, value, disabled, fullWidth, allowEmptySelection, placeholder, type, openTop, integration, flat",0,,10,2026-06-15,6073972|feat: add allowEmptySelection to toggle button group and dropdown button (#965),dropdown-button.ts,yes
obc-elevated-card,ObcElevatedCard,src/components/elevated-card/elevated-card.ts,UI Components/Sections/Elevated Card,src/components/elevated-card/elevated-card.stories.ts,LitElement,16,"position, size, overrideTag, isClickable, info, graphicBorder, border, hasAction, hasLeadingIcon, hasTrailingIcon, hasGraphic, hasStatus, compact, directAction, href, target",0,,16,2026-06-12,9289a0a|chore(release): 2.0.0-next.66 [skip ci],elevated-card.ts,no (unchanged since import)
obc-elevated-card-radio,ObcElevatedCardRadio,src/components/elevated-card-radio/elevated-card-radio.ts,UI Components/Sections/Elevated Card Radio Button,src/components/elevated-card-radio/elevated-card-radio.stories.ts,LitElement,10,"position, size, graphicBorder, border, name, value, label, checked, disabled, required",0,,10,2026-06-12,9289a0a|chore(release): 2.0.0-next.66 [skip ci],elevated-card-radio.ts,no (unchanged since import)
obc-elevated-card-radio-group,ObcElevatedCardRadioGroup,src/components/elevated-card-radio-group/elevated-card-radio-group.ts,UI Components/Sections/Elevated Card Radio Button Group,src/components/elevated-card-radio-group/elevated-card-radio-group.stories.ts,LitElement,6,"options, name, value, disabled, required, top",0,,6,2026-06-12,9289a0a|chore(release): 2.0.0-next.66 [skip ci],elevated-card-radio-group.ts,no (unchanged since import)
obc-end-point-line,ObcEndPointLine,src/automation/end-point-line/end-point-line.ts,Automation/Line/End Point Line,src/automation/end-point-line/end-point-line.stories.ts,LitElement,3,"medium, direction, lineType",0,,3,2026-06-12,9289a0a|chore(release): 2.0.0-next.66 [skip ci],end-point-line.ts,no (unchanged since import)
obc-event-item,ObcEventItem,src/components/event-item/event-item.ts,Application Components/Calendar/Event Item,src/components/event-item/event-item.stories.ts,LitElement,11,"title, description, startTime, endTime, eventItemType, hasArrow, hasTime, hasEndTime, aggregatedCount, colorCoded, disabled",0,,11,2026-06-12,9289a0a|chore(release): 2.0.0-next.66 [skip ci],event-item.ts,no (unchanged since import)
obc-event-list,ObcEventList,src/components/event-list/event-list.ts,Appointment title,src/components/event-list/event-list.stories.ts,LitElement,4,"showHeader, date, events, locale",0,,4,2026-06-12,9289a0a|chore(release): 2.0.0-next.66 [skip ci],event-list.ts,no (unchanged since import)
obc-fan,ObcFan,src/automation/fan/fan.ts,Automation/Automation Devices/Fan,src/automation/fan/fan.stories.ts,ObcAbstractAutomationButtonMotorized -> ObcAbstractAutomationButton,0,,27,"on <- ObcAbstractAutomationButtonMotorized, speedInPercent <- ObcAbstractAutomationButtonMotorized, speed <- ObcAbstractAutomationButtonMotorized, speedUnit <- ObcAbstractAutomationButtonMotorized, speedMaxDigits <- ObcAbstractAutomationButtonMotorized, labelDirection <- ObcAbstractAutomationButtonMotorized, variant <- ObcAbstractAutomationButtonMotorized, direction <- ObcAbstractAutomationButtonMotorized, showReadoutStack <- ObcAbstractAutomationButton, readoutPosition <- ObcAbstractAutomationButton, readoutSize <- ObcAbstractAutomationButton, positioning <- ObcAbstractAutomationButton, alert <- ObcAbstractAutomationButton, alertFrameType <- ObcAbstractAutomationButton, alertFrameThickness <- ObcAbstractAutomationButton, alertFrameStatus <- ObcAbstractAutomationButton, alertFrameMode <- ObcAbstractAutomationButton, showAlertCategoryIcon <- ObcAbstractAutomationButton, showAlertIcon <- ObcAbstractAutomationButton, progress <- ObcAbstractAutomationButton, progressMode <- ObcAbstractAutomationButton, progressValue <- ObcAbstractAutomationButton, tag <- ObcAbstractAutomationButton, badgeControl <- ObcAbstractAutomationButton, badgeCommandLocked <- ObcAbstractAutomationButton, badgeInterlock <- ObcAbstractAutomationButton, badgeAlert <- ObcAbstractAutomationButton",27,2026-06-18,34fe3d1|docs: add @availebleWhen jsdoc (#982),abstract-automation-button-motorized.ts,yes
obc-filter,ObcFilter,src/automation/filter/filter.ts,Automation/Automation Devices/Filter,src/automation/filter/filter.stories.ts,ObcAbstractAutomationButtonSquared -> ObcAbstractAutomationButton,1,alternativeIcon,22,"on <- ObcAbstractAutomationButtonSquared, variant <- ObcAbstractAutomationButtonSquared, orientation <- ObcAbstractAutomationButtonSquared, showReadoutStack <- ObcAbstractAutomationButton, readoutPosition <- ObcAbstractAutomationButton, readoutSize <- ObcAbstractAutomationButton, positioning <- ObcAbstractAutomationButton, alert <- ObcAbstractAutomationButton, alertFrameType <- ObcAbstractAutomationButton, alertFrameThickness <- ObcAbstractAutomationButton, alertFrameStatus <- ObcAbstractAutomationButton, alertFrameMode <- ObcAbstractAutomationButton, showAlertCategoryIcon <- ObcAbstractAutomationButton, showAlertIcon <- ObcAbstractAutomationButton, progress <- ObcAbstractAutomationButton, progressMode <- ObcAbstractAutomationButton, progressValue <- ObcAbstractAutomationButton, tag <- ObcAbstractAutomationButton, badgeControl <- ObcAbstractAutomationButton, badgeCommandLocked <- ObcAbstractAutomationButton, badgeInterlock <- ObcAbstractAutomationButton, badgeAlert <- ObcAbstractAutomationButton",23,2026-06-19,ac05f94|feat(automation): add orientation prop to squared automation devices (#987),abstract-automation-button-squared.ts,yes
obc-filter-chip,ObcFilterChip,src/components/filter-chip/filter-chip.ts,UI Components/Selection Controls and Switches/Filter Chip,src/components/filter-chip/filter-chip.stories.ts,LitElement,4,"disabled, label, checked, showIcon",0,,4,2026-06-12,9289a0a|chore(release): 2.0.0-next.66 [skip ci],filter-chip.ts,no (unchanged since import)
obc-floating-item,ObcFloatingItem,src/components/floating-item/floating-item.ts,UI Components/Message and Alerts/Floating Item,src/components/floating-item/floating-item.stories.ts,LitElement,7,"type, direction, hasTimestamp, hasDay, action, action2, lineType",0,,7,2026-06-12,9289a0a|chore(release): 2.0.0-next.66 [skip ci],floating-item.ts,no (unchanged since import)
obc-form-container,ObcFormContainer,src/components/form-container/form-container.ts,UI Components/Forms/Form Container,src/components/form-container/form-container.stories.ts,LitElement,2,"type, contentTitle",0,,2,2026-06-12,9289a0a|chore(release): 2.0.0-next.66 [skip ci],form-container.ts,no (unchanged since import)
obc-form-footer-container,ObcFormFooterContainer,src/components/form-footer-container/form-footer-container.ts,UI Components/Forms/Form Footer Container,src/components/form-footer-container/form-footer-container.stories.ts,LitElement,1,hasActions,0,,1,2026-06-12,9289a0a|chore(release): 2.0.0-next.66 [skip ci],form-footer-container.ts,no (unchanged since import)
obc-form-group,ObcFormGroup,src/components/form-group/form-group.ts,Subtitle,src/components/form-group/form-group.stories.ts,LitElement,1,type,0,,1,2026-06-12,9289a0a|chore(release): 2.0.0-next.66 [skip ci],form-group.ts,no (unchanged since import)
obc-form-item,ObcFormItem,src/components/form-item/form-item.ts,UI Components/Forms/Form Item,src/components/form-item/form-item.stories.ts,LitElement,9,"type, itemId, hasError, errorText, hasIcon, basicState, hasShader, disabled, statusIcon",0,,9,2026-06-12,9289a0a|chore(release): 2.0.0-next.66 [skip ci],form-item.ts,no (unchanged since import)
obc-gauge-bar-indicator,ObcGaugeBarIndicator,src/navigation-instruments/gauge-bar-indicator/gauge-bar-indicator.ts,Indicators/Gauge Bar Indicator,src/navigation-instruments/gauge-bar-indicator/gauge-bar-indicator.stories.ts,LitElement,3,"value, direction, type",0,,3,2026-06-12,9289a0a|chore(release): 2.0.0-next.66 [skip ci],gauge-bar-indicator.ts,no (unchanged since import)
obc-gauge-horizontal,ObcGaugeHorizontal,src/navigation-instruments/gauge-horizontal/gauge-horizontal.ts,Instruments/Gauge Horizontal,src/navigation-instruments/gauge-horizontal/gauge-horizontal.stories.ts,SetpointMixin,18,"minValue, maxValue, side, showLabels, mainTickmarks, primaryTickmarkInterval, secondaryTickmarkInterval, tertiaryTickmarkInterval, borderRadiusPosition, priority, fillMode, fillMin, fillMax, value, state, focused, advices, highlightCurrentValue",9,"setpoint <- SetpointMixin, newSetpoint <- SetpointMixin, atSetpoint <- SetpointMixin, touching <- SetpointMixin, autoAtSetpoint <- SetpointMixin, autoAtSetpointDeadband <- SetpointMixin, setpointAtZeroDeadband <- SetpointMixin, setpointOverride <- SetpointMixin, animateSetpoint <- SetpointMixin",27,2026-06-12,9289a0a|chore(release): 2.0.0-next.66 [skip ci],gauge-horizontal.ts,no (unchanged since import)
obc-gauge-radial,ObcGaugeRadial,src/navigation-instruments/gauge-radial/gauge-radial.ts,Instruments/Gauge Radial,src/navigation-instruments/gauge-radial/gauge-radial.stories.ts,SetpointMixin,18,"value, maxValue, minValue, showLabels, primaryTickmarkInterval, secondaryTickmarkInterval, tertiaryTickmarkInterval, state, priority, type, tickmarksInside, tickmarkStyle, advices, sector, hasReadout, label, unit, fractionDigits",9,"setpoint <- SetpointMixin, newSetpoint <- SetpointMixin, atSetpoint <- SetpointMixin, touching <- SetpointMixin, autoAtSetpoint <- SetpointMixin, autoAtSetpointDeadband <- SetpointMixin, setpointAtZeroDeadband <- SetpointMixin, setpointOverride <- SetpointMixin, animateSetpoint <- SetpointMixin",27,2026-06-12,9289a0a|chore(release): 2.0.0-next.66 [skip ci],gauge-radial.ts,no (unchanged since import)
obc-gauge-radial-indicator,ObcGaugeRadialIndicator,src/navigation-instruments/gauge-radial-indicator/gauge-radial-indicator.ts,Indicators/Gauge Radial Indicator,src/navigation-instruments/gauge-radial-indicator/gauge-radial-indicator.stories.ts,LitElement,7,"value, minValue, maxValue, sector, styleType, icon, hasIcon",0,,7,2026-06-12,9289a0a|chore(release): 2.0.0-next.66 [skip ci],gauge-radial-indicator.ts,no (unchanged since import)
obc-gauge-trend,ObcGaugeTrend,src/navigation-instruments/gauge-trend/gauge-trend.ts,Instruments/Gauge Trend,src/navigation-instruments/gauge-trend/gauge-trend.stories.ts,SetpointMixin -> ObcChartLineBase,17,"scaleType, minValue, maxValue, chartMinValue, chartMaxValue, value, hasBar, hasScale, hasAdvice, fillMode, fillMin, fillMax, advice, primaryTickmarkInterval, secondaryTickmarkInterval, tertiaryTickmarkInterval, chartFill",42,"setpoint <- SetpointMixin, newSetpoint <- SetpointMixin, atSetpoint <- SetpointMixin, touching <- SetpointMixin, autoAtSetpoint <- SetpointMixin, autoAtSetpointDeadband <- SetpointMixin, setpointAtZeroDeadband <- SetpointMixin, setpointOverride <- SetpointMixin, animateSetpoint <- SetpointMixin, data <- ObcChartLineBase, datasets <- ObcChartLineBase, labels <- ObcChartLineBase, colors <- ObcChartLineBase, legend <- ObcChartLineBase, showDebugOverlay <- ObcChartLineBase, width <- ObcChartLineBase, height <- ObcChartLineBase, fixedAspectRatioScaling <- ObcChartLineBase, scaleReferenceSize <- ObcChartLineBase, xAxisType <- ObcChartLineBase, yAxisPosition <- ObcChartLineBase, yAxes <- ObcChartLineBase, showGrid <- ObcChartLineBase, showGridX <- ObcChartLineBase, showGridY <- ObcChartLineBase, showTickMarks <- ObcChartLineBase, hasLabelPadding <- ObcChartLineBase, showPoints <- ObcChartLineBase, lineMode <- ObcChartLineBase, unit <- ObcChartLineBase, timeDisplay <- ObcChartLineBase, xTicksLimit <- ObcChartLineBase, xStepSize <- ObcChartLineBase, yTicksLimit <- ObcChartLineBase, yStepSize <- ObcChartLineBase, state <- ObcChartLineBase, priority <- ObcChartLineBase, frameStyle <- ObcChartLineBase, borderRadiusPosition <- ObcChartLineBase, borderRadiusPositionExternalScales <- ObcChartLineBase, instrumentMode <- ObcChartLineBase, borderRadius <- ObcChartLineBase",59,2026-06-12,9289a0a|chore(release): 2.0.0-next.66 [skip ci],gauge-trend.ts,no (unchanged since import)
obc-gauge-trend-indicator,ObcGaugeTrendIndicator,src/navigation-instruments/gauge-trend-indicator/gauge-trend-indicator.ts,Indicators/Gauge Trend Indicator,src/navigation-instruments/gauge-trend-indicator/gauge-trend-indicator.stories.ts,LitElement,7,"type, data, minValue, maxValue, chartMinValue, chartMaxValue, value",0,,7,2026-06-12,9289a0a|chore(release): 2.0.0-next.66 [skip ci],gauge-trend-indicator.ts,no (unchanged since import)
obc-gauge-vertical,ObcGaugeVertical,src/navigation-instruments/gauge-vertical/gauge-vertical.ts,Instruments/Gauge Vertical,src/navigation-instruments/gauge-vertical/gauge-vertical.stories.ts,SetpointMixin,18,"minValue, maxValue, side, showLabels, mainTickmarks, primaryTickmarkInterval, secondaryTickmarkInterval, tertiaryTickmarkInterval, borderRadiusPosition, priority, fillMode, fillMin, fillMax, value, state, focused, advices, highlightCurrentValue",9,"setpoint <- SetpointMixin, newSetpoint <- SetpointMixin, atSetpoint <- SetpointMixin, touching <- SetpointMixin, autoAtSetpoint <- SetpointMixin, autoAtSetpointDeadband <- SetpointMixin, setpointAtZeroDeadband <- SetpointMixin, setpointOverride <- SetpointMixin, animateSetpoint <- SetpointMixin",27,2026-06-12,9289a0a|chore(release): 2.0.0-next.66 [skip ci],gauge-vertical.ts,no (unchanged since import)
obc-graph-mini,ObcGraphMini,src/navigation-instruments/graph-mini/graph-mini.ts,Bars and Graphs/Graph Mini,src/navigation-instruments/graph-mini/graph-mini.stories.ts,LitElement,3,"data, minY, maxY",0,,3,2026-06-12,9289a0a|chore(release): 2.0.0-next.66 [skip ci],graph-mini.ts,no (unchanged since import)
obc-ground,ObcGround,src/automation/ground/ground.ts,Automation/Automation Devices/Ground,src/automation/ground/ground.stories.ts,ObcAbstractAutomationButtonSquared -> ObcAbstractAutomationButton,1,alternativeIcon,22,"on <- ObcAbstractAutomationButtonSquared, variant <- ObcAbstractAutomationButtonSquared, orientation <- ObcAbstractAutomationButtonSquared, showReadoutStack <- ObcAbstractAutomationButton, readoutPosition <- ObcAbstractAutomationButton, readoutSize <- ObcAbstractAutomationButton, positioning <- ObcAbstractAutomationButton, alert <- ObcAbstractAutomationButton, alertFrameType <- ObcAbstractAutomationButton, alertFrameThickness <- ObcAbstractAutomationButton, alertFrameStatus <- ObcAbstractAutomationButton, alertFrameMode <- ObcAbstractAutomationButton, showAlertCategoryIcon <- ObcAbstractAutomationButton, showAlertIcon <- ObcAbstractAutomationButton, progress <- ObcAbstractAutomationButton, progressMode <- ObcAbstractAutomationButton, progressValue <- ObcAbstractAutomationButton, tag <- ObcAbstractAutomationButton, badgeControl <- ObcAbstractAutomationButton, badgeCommandLocked <- ObcAbstractAutomationButton, badgeInterlock <- ObcAbstractAutomationButton, badgeAlert <- ObcAbstractAutomationButton",23,2026-06-19,ac05f94|feat(automation): add orientation prop to squared automation devices (#987),abstract-automation-button-squared.ts,yes
obc-heading,ObcHeading,src/navigation-instruments/heading/heading.ts,Instruments/Heading,src/navigation-instruments/heading/heading.stories.ts,LitElement,17,"heading, courseOverGround, headingSetpoint, newHeadingSetpoint, atHeadingSetpoint, headingSetpointAtZeroDeadband, headingSetpointOverride, autoAtHeadingSetpoint, autoAtHeadingSetpointDeadband, animateSetpoint, touching, headingAdvices, direction, priority, priorityElements, showLabels, tickmarksInside",0,,17,2026-06-12,9289a0a|chore(release): 2.0.0-next.66 [skip ci],heading.ts,no (unchanged since import)
obc-heading-indicator,ObcHeadingIndicator,src/navigation-instruments/heading-indicator/heading-indicator.ts,Indicators/Heading Indicator,src/navigation-instruments/heading-indicator/heading-indicator.stories.ts,LitElement,3,"type, angle, xtd",0,,3,2026-06-12,9289a0a|chore(release): 2.0.0-next.66 [skip ci],heading-indicator.ts,no (unchanged since import)
obc-heave,ObcHeave,src/navigation-instruments/heave/heave.ts,Instruments/Heave,src/navigation-instruments/heave/heave.stories.ts,LitElement,9,"heave, gainScale, minTrendHeave, maxTrendHeave, draftOffset, advice, instrumentRange, vesselImage, priority",0,,9,2026-06-12,9289a0a|chore(release): 2.0.0-next.66 [skip ci],heave.ts,no (unchanged since import)
obc-heave-indicator,ObcHeaveIndicator,src/navigation-instruments/heave-indicator/heave-indicator.ts,Indicators/Heave Indicator,src/navigation-instruments/heave-indicator/heave-indicator.stories.ts,LitElement,2,"type, value",0,,2,2026-06-12,9289a0a|chore(release): 2.0.0-next.66 [skip ci],heave-indicator.ts,no (unchanged since import)
obc-horizontal-line,ObcHorizontalLine,src/automation/horizontal-line/horizontal-line.ts,Automation/Line/Horizontal Line,src/automation/horizontal-line/horizontal-line.stories.ts,LitElement,3,"medium, lineType, length",0,,3,2026-06-12,9289a0a|chore(release): 2.0.0-next.66 [skip ci],horizontal-line.ts,no (unchanged since import)
obc-icon-button,ObcIconButton,src/components/icon-button/icon-button.ts,UI Components/Buttons/Icon Button,src/components/icon-button/icon-button.stories.ts,LitElement,10,"variant, activated, cornerLeft, cornerRight, activeColor, wide, disabled, progress, hasLabel, showDivider",0,,10,2026-06-12,9289a0a|chore(release): 2.0.0-next.66 [skip ci],icon-button.ts,no (unchanged since import)
obc-icon-check-button,ObcIconCheckButton,src/components/icon-check-button/icon-check-button.ts,UI Components/Selection Controls and Switches/Icon Check Button,src/components/icon-check-button/icon-check-button.stories.ts,LitElement,6,"checked, disabled, hasLabel, label, hasAlert, externalControl",0,,6,2026-06-12,9289a0a|chore(release): 2.0.0-next.66 [skip ci],icon-check-button.ts,no (unchanged since import)
obc-indicator-graph,ObcIndicatorGraph,src/navigation-instruments/indicator-graph/indicator-graph.ts,Bars and Graphs/Indicator Graph,src/navigation-instruments/indicator-graph/indicator-graph.stories.ts,LitElement,2,"data, layout",0,,2,2026-06-15,fe3186f|feat: new indicator-graph (#969),indicator-graph.ts,yes
obc-input-chip,ObcInputChip,src/components/input-chip/input-chip.ts,UI Components/Selection Controls and Switches/Input Chip,src/components/input-chip/input-chip.stories.ts,LitElement,3,"label, disabled, showIcon",0,,3,2026-06-12,9289a0a|chore(release): 2.0.0-next.66 [skip ci],input-chip.ts,no (unchanged since import)
obc-instrument-field,ObcInstrumentField,src/navigation-instruments/instrument-field/instrument-field.ts,Instruments/Instrument Field,src/navigation-instruments/instrument-field/instrument-field.stories.ts,LitElement,18,"size, setpoint, hasSetpoint, hasSrc, value, maxDigits, showZeroPadding, fractionDigits, tag, unit, src, neutralColor, horizontal, center, labelOnly, off, autoHideSetpoint, autoHideDeadband",0,,18,2026-06-12,9289a0a|chore(release): 2.0.0-next.66 [skip ci],instrument-field.ts,no (unchanged since import)
obc-instrument-radial,ObcInstrumentRadial,src/building-blocks/instrument-radial/instrument-radial.ts,Building Blocks/Instrument Radial,src/building-blocks/instrument-radial/instrument-radial.stories.ts,SetpointMixin,23,"state, priority, value, maxValue, minValue, getAngle, needleColor, barColor, showLabels, primaryTickmarkInterval, secondaryTickmarkInterval, tertiaryTickmarkInterval, type, needleType, tickmarksInside, tickmarkStyle, advices, clipTop, clipBottom, clipLeft, clipRight, endLabelsMaxMin, zoomToFitArc",9,"setpoint <- SetpointMixin, newSetpoint <- SetpointMixin, atSetpoint <- SetpointMixin, touching <- SetpointMixin, autoAtSetpoint <- SetpointMixin, autoAtSetpointDeadband <- SetpointMixin, setpointAtZeroDeadband <- SetpointMixin, setpointOverride <- SetpointMixin, animateSetpoint <- SetpointMixin",32,2026-06-12,9289a0a|chore(release): 2.0.0-next.66 [skip ci],instrument-radial.ts,no (unchanged since import)
obc-integration-app-bar,ObcIntegrationAppBar,src/integration-systems/integration-app-bar/integration-app-bar.ts,Integration Systems/App Bar,src/integration-systems/integration-app-bar/integration-app-bar.stories.ts,LitElement,0,,0,,0,,,,unknown
obc-integration-bar,ObcIntegrationBar,src/integration-systems/integration-bar/integration-bar.ts,Integration Systems/Integration Bar,src/integration-systems/integration-bar/integration-bar.stories.ts,LitElement,20,"hideHomeButton, showClock, showLinkButton, linkButtonActivated, showUserButton, userButtonActivated, showDimmingButton, dimmingButtonActivated, showSystemButton, systemButtonActivated, showScreenButton, screenButtonActivated, showNotificationButton, notificationButtonActivated, showAlertButton, alertButtonActivated, showFleetButton, fleetButtonSelected, fleetButtonActivated, fleetButtonLabel",0,,20,2026-06-12,9289a0a|chore(release): 2.0.0-next.66 [skip ci],integration-bar.ts,no (unchanged since import)
obc-integration-bar-dropdown,ObcIntegrationBarDropdown,src/integration-systems/integration-bar-dropdown/integration-bar-dropdown.ts,Integration Systems/Integration Bar Dropdown,src/integration-systems/integration-bar-dropdown/integration-bar-dropdown.stories.ts,LitElement,14,"showHomeButton, homeButtonActivated, showClock, showNotificationButton, notificationButtonActivated, notificationCount, showNotificationCount, showUserButton, userButtonActivated, showDimmingButton, dimmingButtonActivated, showSystemButton, systemButtonActivated, nStatusFields",0,,14,2026-06-12,9289a0a|chore(release): 2.0.0-next.66 [skip ci],integration-bar-dropdown.ts,no (unchanged since import)
obc-integration-button,ObcIntegrationButton,src/integration-systems/integration-button/integration-button.ts,Integration Systems/Integration Button,src/integration-systems/integration-button/integration-button.stories.ts,LitElement,12,"hasTrailingIcon, hasTrailingIcon2, hasLeadingIcon, hasStatus, readouts, disabled, activated, selected, dividerBottom, dividerRight, variant, type",0,,12,2026-06-12,9289a0a|chore(release): 2.0.0-next.66 [skip ci],integration-button.ts,no (unchanged since import)
obc-integration-dropdown-button,ObcIntegrationDropdownButton,src/integration-systems/integration-dropdown-button/integration-dropdown-button.ts,Integration Systems/Integration Dropdown Button,src/integration-systems/integration-dropdown-button/integration-dropdown-button.stories.ts,LitElement,8,"options, hasFleet, fleetLabel, value, placeholder, disabled, fullWidth, openTop",0,,8,2026-06-12,9289a0a|chore(release): 2.0.0-next.66 [skip ci],integration-dropdown-button.ts,no (unchanged since import)
obc-integration-fleet-button,ObcIntegrationFleetButton,src/integration-systems/integration-fleet-button/integration-fleet-button.ts,Integration Systems/Fleet Button,src/integration-systems/integration-fleet-button/integration-fleet-button.stories.ts,LitElement,7,"selected, fleetName, status, readouts, alertTopic, alerts, showAlerts",0,,7,2026-06-15,a78c8c1|feat: add flag to hide alerts in fleet button. (#961),integration-fleet-button.ts,yes
obc-integration-tabs,ObcIntegrationTabs,src/integration-systems/integration-tabs/integration-tabs.ts,Integration Systems/Building Blocks/Integration Tabs,src/integration-systems/integration-tabs/integration-tabs.stories.ts,LitElement,1,selected,0,,1,2026-06-12,9289a0a|chore(release): 2.0.0-next.66 [skip ci],integration-tabs.ts,no (unchanged since import)
obc-integration-vessel-menu,ObcIntegrationVesselMenu,src/integration-systems/integration-vessel-menu/integration-vessel-menu.ts,Integration Systems/Integration Vessel Menu,src/integration-systems/integration-vessel-menu/integration-vessel-menu.stories.ts,LitElement,3,"hasActions, hasAlertList, hasContent",0,,3,2026-06-18,8d6409f|fix(alarm-list): make alarm list scroll-able when height is constrained (#980),integration-vessel-menu.ts,yes
obc-integration-vessel-selector,ObcIntegrationVesselSelector,src/integration-systems/integration-vessel-selector/integration-vessel-selector.ts,Integration Systems/Integration Vessel Selector,src/integration-systems/integration-vessel-selector/integration-vessel-selector.stories.ts,LitElement,2,"hasTopbar, hasFleet",0,,2,2026-06-12,9289a0a|chore(release): 2.0.0-next.66 [skip ci],integration-vessel-selector.ts,no (unchanged since import)
obc-keyboard-full,ObcKeyboardFull,src/components/keyboard-full/keyboard-full.ts,Application Components/Input/Keyboard Full,src/components/keyboard-full/keyboard-full.stories.ts,LitElement,7,"type, showTopBar, parameterName, value, placeholder, showNumberRow, inputSize",0,,7,2026-06-12,9289a0a|chore(release): 2.0.0-next.66 [skip ci],keyboard-full.ts,no (unchanged since import)
obc-keyboard-numeric,ObcKeyboardNumeric,src/components/keyboard-numeric/keyboard-numeric.ts,Application Components/Input/Keyboard Numeric,src/components/keyboard-numeric/keyboard-numeric.stories.ts,LitElement,11,"type, hasTitleBar, label, value, hasCalculation, has2Symbols, helperText, hasLeadingIcon, unit, inputFieldTextAlign, validationPattern",0,,11,2026-06-12,9289a0a|chore(release): 2.0.0-next.66 [skip ci],keyboard-numeric.ts,no (unchanged since import)
obc-line-cross,ObcLineCross,src/automation/line-cross/line-cross.ts,Automation/Line/Cross,src/automation/line-cross/line-cross.stories.ts,LitElement,2,"medium, lineType",0,,2,2026-06-12,9289a0a|chore(release): 2.0.0-next.66 [skip ci],line-cross.ts,no (unchanged since import)
obc-line-graph,ObcLineGraph,src/bars-graphs/line-graph/line-graph.ts,Bars and Graphs/Line Graph,src/bars-graphs/line-graph/line-graph.stories.ts,ObcChartLineBase,0,,33,"data <- ObcChartLineBase, datasets <- ObcChartLineBase, labels <- ObcChartLineBase, colors <- ObcChartLineBase, legend <- ObcChartLineBase, showDebugOverlay <- ObcChartLineBase, width <- ObcChartLineBase, height <- ObcChartLineBase, fixedAspectRatioScaling <- ObcChartLineBase, scaleReferenceSize <- ObcChartLineBase, xAxisType <- ObcChartLineBase, yAxisPosition <- ObcChartLineBase, yAxes <- ObcChartLineBase, showGrid <- ObcChartLineBase, showGridX <- ObcChartLineBase, showGridY <- ObcChartLineBase, showTickMarks <- ObcChartLineBase, hasLabelPadding <- ObcChartLineBase, showPoints <- ObcChartLineBase, lineMode <- ObcChartLineBase, unit <- ObcChartLineBase, timeDisplay <- ObcChartLineBase, xTicksLimit <- ObcChartLineBase, xStepSize <- ObcChartLineBase, yTicksLimit <- ObcChartLineBase, yStepSize <- ObcChartLineBase, state <- ObcChartLineBase, priority <- ObcChartLineBase, frameStyle <- ObcChartLineBase, borderRadiusPosition <- ObcChartLineBase, borderRadiusPositionExternalScales <- ObcChartLineBase, instrumentMode <- ObcChartLineBase, borderRadius <- ObcChartLineBase",33,2026-06-12,9289a0a|chore(release): 2.0.0-next.66 [skip ci],chart-line-base.ts,no (unchanged since import)
obc-line-overlap,ObcLineOverlap,src/automation/line-overlap/line-overlap.ts,Automation/Line/Overlap,src/automation/line-overlap/line-overlap.stories.ts,LitElement,2,"medium, lineType",0,,2,2026-06-12,9289a0a|chore(release): 2.0.0-next.66 [skip ci],line-overlap.ts,no (unchanged since import)
obc-logic,ObcLogic,src/automation/logic/logic.ts,Automation/Automation Devices/Logic,src/automation/logic/logic.stories.ts,ObcAbstractAutomationButtonSquared -> ObcAbstractAutomationButton,1,alternativeIcon,22,"on <- ObcAbstractAutomationButtonSquared, variant <- ObcAbstractAutomationButtonSquared, orientation <- ObcAbstractAutomationButtonSquared, showReadoutStack <- ObcAbstractAutomationButton, readoutPosition <- ObcAbstractAutomationButton, readoutSize <- ObcAbstractAutomationButton, positioning <- ObcAbstractAutomationButton, alert <- ObcAbstractAutomationButton, alertFrameType <- ObcAbstractAutomationButton, alertFrameThickness <- ObcAbstractAutomationButton, alertFrameStatus <- ObcAbstractAutomationButton, alertFrameMode <- ObcAbstractAutomationButton, showAlertCategoryIcon <- ObcAbstractAutomationButton, showAlertIcon <- ObcAbstractAutomationButton, progress <- ObcAbstractAutomationButton, progressMode <- ObcAbstractAutomationButton, progressValue <- ObcAbstractAutomationButton, tag <- ObcAbstractAutomationButton, badgeControl <- ObcAbstractAutomationButton, badgeCommandLocked <- ObcAbstractAutomationButton, badgeInterlock <- ObcAbstractAutomationButton, badgeAlert <- ObcAbstractAutomationButton",23,2026-06-19,ac05f94|feat(automation): add orientation prop to squared automation devices (#987),abstract-automation-button-squared.ts,yes
obc-main-engine,ObcMainEngine,src/navigation-instruments/main-engine/main-engine.ts,Instruments/Main Engine,src/navigation-instruments/main-engine/main-engine.stories.ts,LitElement,17,"thrust, thrustSetpoint, thrustTouching, atThrustSetpoint, speed, speedSetpoint, speedTouching, atSpeedSetpoint, autoAtThrustSetpoint, autoAtSpeedSetpoint, autoAtThrustSetpointDeadband, autoAtSpeedSetpointDeadband, thrustSetpointAtZeroDeadband, speedSetpointAtZeroDeadband, state, priority, thrustAdvices",0,,17,2026-06-12,9289a0a|chore(release): 2.0.0-next.66 [skip ci],main-engine.ts,no (unchanged since import)
obc-main-engine-indicator,ObcMainEngineIndicator,src/navigation-instruments/main-engine-indicator/propulsion-main-engine-indicator.ts,Indicators/Main Engine Indicator,src/navigation-instruments/main-engine-indicator/propulsion-main-engine-indicator.stories.ts,LitElement,7,"get, get, get, get, state, priority, hasSilhouette",0,,7,2026-06-12,9289a0a|chore(release): 2.0.0-next.66 [skip ci],propulsion-main-engine-indicator.ts,no (unchanged since import)
obc-menu-button,ObcMenuButton,src/components/menu-button/menu-button.ts,UI Components/Buttons/Menu Button,src/components/menu-button/menu-button.stories.ts,LitElement,14,"label, options, selectedValues, fullWidth, hasIcon, menuType, multiSelect, selectPerGroup, hasTitleBar, menuTitle, columnGroups, itemsPerColumn, openTop, disabled",0,,14,2026-06-12,9289a0a|chore(release): 2.0.0-next.66 [skip ci],menu-button.ts,no (unchanged since import)
obc-message-menu-item,ObcMessageMenuItem,src/components/message-menu-item/message-menu-item.ts,UI Components/Message and Alerts/Message Menu Item,src/components/message-menu-item/message-menu-item.stories.ts,LitElement,17,"size, stackVertical, enhancedIcon, open, title, description, day, time, primaryActionLabel, secondaryActionLabel, enablePrimaryAction, enableSecondaryAction, hasPrimaryIcon, hasSecondaryIcon, hasTrailingIcon, isShelved, hasActionLabelSlot",0,,17,2026-06-17,2f151fe|feat(alert-menu-item): add secondary action and hide/disable options to actions (#978),message-menu-item.ts,yes
obc-modal-window,ObcModalWindow,src/components/modal-window/modal-window.ts,Application Components/Containers/Modal Window,src/components/modal-window/modal-window.stories.ts,LitElement,5,"size, hasOptionalAction, hasLeadingIcon, hasCancelAction, hasCloseAction",0,,5,2026-06-12,9289a0a|chore(release): 2.0.0-next.66 [skip ci],modal-window.ts,no (unchanged since import)
obc-mosfet,ObcMosfet,src/automation/mosfet/mosfet.ts,Automation/Automation Devices/Mosfet,src/automation/mosfet/mosfet.stories.ts,ObcAbstractAutomationButtonSquared -> ObcAbstractAutomationButton,1,alternativeIcon,22,"on <- ObcAbstractAutomationButtonSquared, variant <- ObcAbstractAutomationButtonSquared, orientation <- ObcAbstractAutomationButtonSquared, showReadoutStack <- ObcAbstractAutomationButton, readoutPosition <- ObcAbstractAutomationButton, readoutSize <- ObcAbstractAutomationButton, positioning <- ObcAbstractAutomationButton, alert <- ObcAbstractAutomationButton, alertFrameType <- ObcAbstractAutomationButton, alertFrameThickness <- ObcAbstractAutomationButton, alertFrameStatus <- ObcAbstractAutomationButton, alertFrameMode <- ObcAbstractAutomationButton, showAlertCategoryIcon <- ObcAbstractAutomationButton, showAlertIcon <- ObcAbstractAutomationButton, progress <- ObcAbstractAutomationButton, progressMode <- ObcAbstractAutomationButton, progressValue <- ObcAbstractAutomationButton, tag <- ObcAbstractAutomationButton, badgeControl <- ObcAbstractAutomationButton, badgeCommandLocked <- ObcAbstractAutomationButton, badgeInterlock <- ObcAbstractAutomationButton, badgeAlert <- ObcAbstractAutomationButton",23,2026-06-19,ac05f94|feat(automation): add orientation prop to squared automation devices (#987),abstract-automation-button-squared.ts,yes
obc-motor,ObcMotor,src/automation/motor/motor.ts,Automation/Automation Devices/Motor,src/automation/motor/motor.stories.ts,ObcAbstractAutomationButtonMotorized -> ObcAbstractAutomationButton,1,vertical,27,"on <- ObcAbstractAutomationButtonMotorized, speedInPercent <- ObcAbstractAutomationButtonMotorized, speed <- ObcAbstractAutomationButtonMotorized, speedUnit <- ObcAbstractAutomationButtonMotorized, speedMaxDigits <- ObcAbstractAutomationButtonMotorized, labelDirection <- ObcAbstractAutomationButtonMotorized, variant <- ObcAbstractAutomationButtonMotorized, direction <- ObcAbstractAutomationButtonMotorized, showReadoutStack <- ObcAbstractAutomationButton, readoutPosition <- ObcAbstractAutomationButton, readoutSize <- ObcAbstractAutomationButton, positioning <- ObcAbstractAutomationButton, alert <- ObcAbstractAutomationButton, alertFrameType <- ObcAbstractAutomationButton, alertFrameThickness <- ObcAbstractAutomationButton, alertFrameStatus <- ObcAbstractAutomationButton, alertFrameMode <- ObcAbstractAutomationButton, showAlertCategoryIcon <- ObcAbstractAutomationButton, showAlertIcon <- ObcAbstractAutomationButton, progress <- ObcAbstractAutomationButton, progressMode <- ObcAbstractAutomationButton, progressValue <- ObcAbstractAutomationButton, tag <- ObcAbstractAutomationButton, badgeControl <- ObcAbstractAutomationButton, badgeCommandLocked <- ObcAbstractAutomationButton, badgeInterlock <- ObcAbstractAutomationButton, badgeAlert <- ObcAbstractAutomationButton",28,2026-06-18,34fe3d1|docs: add @availebleWhen jsdoc (#982),abstract-automation-button-motorized.ts,yes
obc-navigation-item,ObcNavigationItem,src/components/navigation-item/navigation-item.ts,UI Components/Menus and Navigation/Navigation Item,src/components/navigation-item/navigation-item.stories.ts,LitElement,12,"label, href, checked, variant, group, groupSelected, hasIcon, hasTrailingIcon, treeMode, treeBranches, terminalType, alerts",0,,12,2026-06-12,9289a0a|chore(release): 2.0.0-next.66 [skip ci],navigation-item.ts,no (unchanged since import)
obc-navigation-menu,ObcNavigationMenu,src/components/navigation-menu/navigation-menu.ts,Application Components/Menus/Navigation Menu,src/components/navigation-menu/navigation-menu.stories.ts,LitElement,3,"variant, flyoutVariant, smallScreen",0,,3,2026-06-12,9289a0a|chore(release): 2.0.0-next.66 [skip ci],navigation-menu.ts,no (unchanged since import)
obc-notification-badge-button,ObcNotificationBadgeButton,src/components/notification-badge-button/notification-badge-button.ts,UI Components/Buttons/Notification Badge Button,src/components/notification-badge-button/notification-badge-button.stories.ts,LitElement,7,"openRight, openLeft, cornerLeft, cornerRight, icon, disabled, indent",0,,7,2026-06-12,9289a0a|chore(release): 2.0.0-next.66 [skip ci],notification-badge-button.ts,no (unchanged since import)
obc-notification-button,ObcNotificationButton,src/components/notification-button/notification-button.ts,Application Components/Notifications/Notification Button,src/components/notification-button/notification-button.stories.ts,LitElement,5,"buttonStyle, count, showCount, isActive, ariaLabel",0,,5,2026-06-12,9289a0a|chore(release): 2.0.0-next.66 [skip ci],notification-button.ts,no (unchanged since import)
obc-notification-floating-item,ObcNotificationFloatingItem,src/components/notification-floating-item/notification-floating-item.ts,Application Components/Notifications/Notification Floating Item,src/components/notification-floating-item/notification-floating-item.stories.ts,LitElement,7,"type, direction, hasTimestamp, hasDay, action, action2, lineType",0,,7,2026-06-12,9289a0a|chore(release): 2.0.0-next.66 [skip ci],notification-floating-item.ts,no (unchanged since import)
obc-notification-menu-item,ObcNotificationMenuItem,src/components/notification-menu-item/notification-menu-item.ts,Application Components/Notifications/Notification Menu Item,src/components/notification-menu-item/notification-menu-item.stories.ts,LitElement,9,"hasIcon, title, description, day, time, open, size, primaryActionLabel, secondaryActionLabel",0,,9,2026-06-12,9289a0a|chore(release): 2.0.0-next.66 [skip ci],notification-menu-item.ts,no (unchanged since import)
obc-notification-message-item,ObcNotificationMessageItem,src/components/notification-message-item/notification-message-item.ts,Application Components/Notifications/Notification Message Item,src/components/notification-message-item/notification-message-item.stories.ts,LitElement,15,"title, description, time, timeSecondary, actionLabel, type, size, showTitle, showDescription, showTimestamp, hasTimestamp2, hasSecondaryIcon, large, empty, emptyText",0,,15,2026-06-12,9289a0a|chore(release): 2.0.0-next.66 [skip ci],notification-message-item.ts,no (unchanged since import)
obc-number-input-field,ObcNumberInputField,src/components/number-input-field/number-input-field.ts,UI Components/Input Controls/Number Input Field,src/components/number-input-field/number-input-field.stories.ts,LitElement,30,"value, unit, placeholder, textAlign, disabled, readonly, error, errorText, rejectUpdatesOnFocus, rejectUpdates, rejectDuplicateUpdates, name, maxlength, minlength, size, hasLeadingIcon, helperText, label, required, hasLabelIcon, labelPlacement, hasHelperIcon, helperPlacement, squared, displayOverride, decimalSeparator, groupSeparator, minFractionDigits, maxFractionDigits, validationPattern",0,,30,2026-06-15,8ecfed0|fix: block non-numeric typing in obc-number-input-field (#966),number-input-field.ts,yes
obc-pagination,ObcPagination,src/components/pagination/pagination.ts,UI Components/Menus and Navigation/Pagination,src/components/pagination/pagination.stories.ts,LitElement,5,"variant, pages, currentPage, fullWidth, disabled",0,,5,2026-06-12,9289a0a|chore(release): 2.0.0-next.66 [skip ci],pagination.ts,no (unchanged since import)
obc-pie-chart,ObcPieChart,src/bars-graphs/pie-chart/pie-chart.ts,Bars and Graphs/Pie Chart,src/bars-graphs/pie-chart/pie-chart.stories.ts,LitElement,12,"data, colors, priority, showOuterLabels, showUnit, sunburst, outerLabelUnit, outerLabelMaxLength, outerLabelDecimalPlaces, legend, showDebugOverlay, fixedHeight",0,,12,2026-06-12,9289a0a|chore(release): 2.0.0-next.66 [skip ci],pie-chart.ts,no (unchanged since import)
obc-pitch,ObcPitch,src/navigation-instruments/pitch/pitch.ts,Instruments/Pitch,src/navigation-instruments/pitch/pitch.stories.ts,SingleAxisInclinometer,10,"pitch, minAvgPitch, maxAvgPitch, vesselImageSide, maxPitchAdvice, triggerPitchAdvice, label, unit, fractionDigits, type",4,"zoomToFitArc <- SingleAxisInclinometer, hasReadout <- SingleAxisInclinometer, priority <- SingleAxisInclinometer, arcAngle <- SingleAxisInclinometer",14,2026-06-12,9289a0a|chore(release): 2.0.0-next.66 [skip ci],pitch.ts,no (unchanged since import)
obc-pitch-indicator,ObcPitchIndicator,src/navigation-instruments/pitch-indicator/pitch-indicator.ts,Indicators/Pitch Indicator,src/navigation-instruments/pitch-indicator/pitch-indicator.stories.ts,LitElement,2,"type, value",0,,2,2026-06-12,9289a0a|chore(release): 2.0.0-next.66 [skip ci],pitch-indicator.ts,no (unchanged since import)
obc-pitch-roll,ObcPitchRoll,src/navigation-instruments/pitch-roll/pitch-roll.ts,Instruments/Pitch Roll,src/navigation-instruments/pitch-roll/pitch-roll.stories.ts,LitElement,24,"pitch, roll, minAvgPitch, maxAvgPitch, minAvgRoll, maxAvgRoll, vesselImageFore, vesselImageSide, scaleForeImage, maxPitchAdvice, maxRollAdvice, triggerPitchAdvice, triggerRollAdvice, priority, priorityElements, hasReadout, pitchLabel, rollLabel, unit, fractionDigits, zoomToFitArc, arcAngle, pitchArcAngle, rollArcAngle",0,,24,2026-06-12,9289a0a|chore(release): 2.0.0-next.66 [skip ci],pitch-roll.ts,no (unchanged since import)
obc-pivot-item-group,ObcPivotItemGroup,src/components/pivot-item-group/pivot-item-group.ts,UI Components/Menus and Navigation/Pivot Item,src/components/pivot-item/pivot-item.stories.ts,LitElement,3,"direction, selectedValue, allowDeselect",0,,3,2026-06-12,9289a0a|chore(release): 2.0.0-next.66 [skip ci],pivot-item-group.ts,no (unchanged since import)
obc-poi,ObcPoi,src/ar/poi/poi.ts,AR/POI/POI,src/ar/poi/poi.stories.ts,LitElement,23,"type, value, state, selected, buttonType, overlapOpaque, data, hasHeader, headerContent, hasPointer, pointerType, pointerState, relativeDirection, x, y, buttonY, fixedTarget, buttonOffsetX, targetOffsetX, boxWidth, boxHeight, outsideAngle, animatePosition",0,,23,2026-06-12,9289a0a|chore(release): 2.0.0-next.66 [skip ci],poi.ts,no (unchanged since import)
obc-poi-aton,ObcPoiAton,src/ar/poi/poi-aton.ts,AR/POI/POI AtoN,src/ar/poi/poi-aton.stories.ts,PoiBase,4,"atonType, atonStyle, atonState, atonInteractive",23,"type <- PoiBase, value <- PoiBase, state <- PoiBase, selected <- PoiBase, buttonType <- PoiBase, overlapOpaque <- PoiBase, data <- PoiBase, hasHeader <- PoiBase, headerContent <- PoiBase, hasPointer <- PoiBase, pointerType <- PoiBase, pointerState <- PoiBase, relativeDirection <- PoiBase, x <- PoiBase, y <- PoiBase, buttonY <- PoiBase, fixedTarget <- PoiBase, boxWidth <- PoiBase, boxHeight <- PoiBase, outsideAngle <- PoiBase, animatePosition <- PoiBase, get <- PoiBase, get <- PoiBase",27,2026-06-12,9289a0a|chore(release): 2.0.0-next.66 [skip ci],poi-aton.ts,no (unchanged since import)
obc-poi-button,ObcPoiButton,src/ar/poi-button/poi-button.ts,AR/POI Button/POI Button,src/ar/poi-button/poi-button.stories.ts,LitElement,12,"relativeDirection, selected, layout, hasHeader, state, value, overlapOpaque, type, inExpandedGroup, data, hasRelation, headerContent",0,,12,2026-06-12,9289a0a|chore(release): 2.0.0-next.66 [skip ci],poi-button.ts,no (unchanged since import)
obc-poi-button-aton,ObcPoiButtonAton,src/ar/poi-button/poi-button-aton.ts,AR/POI Button/POI Button AtoN,src/ar/poi-button/poi-button-aton.stories.ts,ObcPoiButton,4,"atonType, atonStyle, atonState, atonInteractive",12,"relativeDirection <- ObcPoiButton, selected <- ObcPoiButton, layout <- ObcPoiButton, hasHeader <- ObcPoiButton, state <- ObcPoiButton, value <- ObcPoiButton, overlapOpaque <- ObcPoiButton, type <- ObcPoiButton, inExpandedGroup <- ObcPoiButton, data <- ObcPoiButton, hasRelation <- ObcPoiButton, headerContent <- ObcPoiButton",16,2026-06-12,9289a0a|chore(release): 2.0.0-next.66 [skip ci],poi-button-aton.ts,no (unchanged since import)
obc-poi-button-data,ObcPoiButtonData,src/ar/poi-button/poi-button-data.ts,AR/POI Button/POI Button Data,src/ar/poi-button/poi-button-data.stories.ts,ObcPoiButton,3,"dataStyle, dataState, dataInteractive",12,"relativeDirection <- ObcPoiButton, selected <- ObcPoiButton, layout <- ObcPoiButton, hasHeader <- ObcPoiButton, state <- ObcPoiButton, value <- ObcPoiButton, overlapOpaque <- ObcPoiButton, type <- ObcPoiButton, inExpandedGroup <- ObcPoiButton, data <- ObcPoiButton, hasRelation <- ObcPoiButton, headerContent <- ObcPoiButton",15,2026-06-12,9289a0a|chore(release): 2.0.0-next.66 [skip ci],poi-button-data.ts,no (unchanged since import)
obc-poi-button-vessel,ObcPoiButtonVessel,src/ar/poi-button/poi-button-vessel.ts,AR/POI Button/POI Button Vessel,src/ar/poi-button/poi-button-vessel.stories.ts,ObcPoiButton,4,"vesselType, vesselStyle, vesselState, vesselInteractive",12,"relativeDirection <- ObcPoiButton, selected <- ObcPoiButton, layout <- ObcPoiButton, hasHeader <- ObcPoiButton, state <- ObcPoiButton, value <- ObcPoiButton, overlapOpaque <- ObcPoiButton, type <- ObcPoiButton, inExpandedGroup <- ObcPoiButton, data <- ObcPoiButton, hasRelation <- ObcPoiButton, headerContent <- ObcPoiButton",16,2026-06-12,9289a0a|chore(release): 2.0.0-next.66 [skip ci],poi-button-vessel.ts,no (unchanged since import)
obc-poi-card,ObcPoiCard,src/ar/poi-card/poi-card.ts,AR/POI Card,src/ar/poi-card/poi-card.stories.ts,LitElement,13,"pointerDirection, fixedSize, showHeader, headerVariant, index, cardTitle, description, source, timestamp, hasLeadingIcon, hasCloseButton, interactive, hasAlert",0,,13,2026-06-12,9289a0a|chore(release): 2.0.0-next.66 [skip ci],poi-card.ts,no (unchanged since import)
obc-poi-card-header,ObcPoiCardHeader,src/ar/poi-card-header/poi-card-header.ts,AR/POI Card Header,src/ar/poi-card-header/poi-card-header.stories.ts,LitElement,8,"variant, index, cardTitle, description, source, timestamp, hasLeadingIcon, hasCloseButton",0,,8,2026-06-12,9289a0a|chore(release): 2.0.0-next.66 [skip ci],poi-card-header.ts,no (unchanged since import)
obc-poi-controller,ObcPoiController,src/ar/poi-controller/poi-controller.ts,AR/POI Controller,src/ar/poi-controller/poi-controller.stories.ts,LitElement,7,"fit, frames, detections, frameIndex, confidenceMin, classFilter, keyFn",0,,7,2026-06-12,9289a0a|chore(release): 2.0.0-next.66 [skip ci],poi-controller.ts,no (unchanged since import)
obc-poi-data,ObcPoiData,src/ar/poi/poi-data.ts,AR/POI/POI Data,src/ar/poi/poi-data.stories.ts,PoiBase,3,"dataStyle, dataState, dataInteractive",23,"type <- PoiBase, value <- PoiBase, state <- PoiBase, selected <- PoiBase, buttonType <- PoiBase, overlapOpaque <- PoiBase, data <- PoiBase, hasHeader <- PoiBase, headerContent <- PoiBase, hasPointer <- PoiBase, pointerType <- PoiBase, pointerState <- PoiBase, relativeDirection <- PoiBase, x <- PoiBase, y <- PoiBase, buttonY <- PoiBase, fixedTarget <- PoiBase, boxWidth <- PoiBase, boxHeight <- PoiBase, outsideAngle <- PoiBase, animatePosition <- PoiBase, get <- PoiBase, get <- PoiBase",26,2026-06-12,9289a0a|chore(release): 2.0.0-next.66 [skip ci],poi-data.ts,no (unchanged since import)
obc-poi-graphic-line,ObcPoiGraphicLine,src/ar/building-blocks/poi-graphic-line/poi-graphic-line.ts,AR/Building Blocks/POI Graphic Line,src/ar/building-blocks/poi-graphic-line/poi-graphic-line.stories.ts,LitElement,5,"lineHeight, lineStart, lineStyle, lineType, offset",0,,5,2026-06-12,9289a0a|chore(release): 2.0.0-next.66 [skip ci],poi-graphic-line.ts,no (unchanged since import)
obc-poi-group,ObcPoiGroup,src/ar/poi-group/poi-group.ts,AR/POI Group,src/ar/poi-group/poi-group.stories.ts,LitElement,4,"expand, collapsing, positionVertical, internalSwapping",0,,4,2026-06-12,9289a0a|chore(release): 2.0.0-next.66 [skip ci],poi-group.ts,no (unchanged since import)
obc-poi-header,ObcPoiHeader,src/ar/building-blocks/poi-header/poi-header.ts,AR/Building Blocks/POI Header,src/ar/building-blocks/poi-header/poi-header.stories.ts,LitElement,6,"content, label, size, state, type, hasIndicator",0,,6,2026-06-12,9289a0a|chore(release): 2.0.0-next.66 [skip ci],poi-header.ts,no (unchanged since import)
obc-poi-layer,ObcPoiLayer,src/ar/poi-layer/poi-layer.ts,AR/POI Layer,src/ar/poi-layer/poi-layer.stories.ts,LitElement,6,"label, debug, overlapMode, isSelected, joinWhileExpanded, internalSwapping",0,,6,2026-06-12,9289a0a|chore(release): 2.0.0-next.66 [skip ci],poi-layer.ts,no (unchanged since import)
obc-poi-layer-stack,ObcPoiLayerStack,src/ar/poi-layer-stack/poi-layer-stack.ts,AR/POI Layer Stack,src/ar/poi-layer-stack/poi-layer-stack.stories.ts,LitElement,1,selectionMode,0,,1,2026-06-12,9289a0a|chore(release): 2.0.0-next.66 [skip ci],poi-layer-stack.ts,no (unchanged since import)
obc-poi-line,ObcPoiLine,src/ar/building-blocks/poi-line/poi-line.ts,AR/Building Blocks/POI Line,src/ar/building-blocks/poi-line/poi-line.stories.ts,LitElement,6,"height, poiStyle, lineType, offset, hasPointer, animatePosition",0,,6,2026-06-12,9289a0a|chore(release): 2.0.0-next.66 [skip ci],poi-line.ts,no (unchanged since import)
obc-poi-object,ObcPoiObject,src/ar/poi-object/poi-object.ts,AR/POI Object/POI Object,src/ar/poi-object/poi-object.stories.ts,LitElement,4,"type, objectStyle, state, interactive",0,,4,2026-06-12,9289a0a|chore(release): 2.0.0-next.66 [skip ci],poi-object.ts,no (unchanged since import)
obc-poi-object-aton,ObcPoiObjectAton,src/ar/poi-object/poi-object-aton.ts,AR/POI Object/POI Object AtoN,src/ar/poi-object/poi-object-aton.stories.ts,AbstractPoiObject,1,type,3,"objectStyle <- AbstractPoiObject, state <- AbstractPoiObject, interactive <- AbstractPoiObject",4,2026-06-12,9289a0a|chore(release): 2.0.0-next.66 [skip ci],poi-object-aton.ts,no (unchanged since import)
obc-poi-object-data,ObcPoiObjectData,src/ar/poi-object/poi-object-data.ts,AR/POI Object/POI Object Data,src/ar/poi-object/poi-object-data.stories.ts,AbstractPoiObject,1,type,3,"objectStyle <- AbstractPoiObject, state <- AbstractPoiObject, interactive <- AbstractPoiObject",4,2026-06-12,9289a0a|chore(release): 2.0.0-next.66 [skip ci],poi-object-data.ts,no (unchanged since import)
obc-poi-object-vessel,ObcPoiObjectVessel,src/ar/poi-object/poi-object-vessel.ts,AR/POI Object/POI Object Vessel,src/ar/poi-object/poi-object-vessel.stories.ts,AbstractPoiObject,1,type,3,"objectStyle <- AbstractPoiObject, state <- AbstractPoiObject, interactive <- AbstractPoiObject",4,2026-06-12,9289a0a|chore(release): 2.0.0-next.66 [skip ci],poi-object-vessel.ts,no (unchanged since import)
obc-poi-pointer,ObcPoiPointer,src/ar/building-blocks/poi-pointer/poi-pointer.ts,AR/Building Blocks/POI Pointer,src/ar/building-blocks/poi-pointer/poi-pointer.stories.ts,LitElement,4,"type, state, boxWidth, boxHeight",0,,4,2026-06-12,9289a0a|chore(release): 2.0.0-next.66 [skip ci],poi-pointer.ts,no (unchanged since import)
obc-poi-selection-frame,ObcPoiSelectionFrame,src/ar/building-blocks/poi-selection-frame/poi-selection-frame.ts,AR/Building Blocks/POI Selection Frame,src/ar/building-blocks/poi-selection-frame/poi-selection-frame.stories.ts,LitElement,5,"type, state, customMode, boxWidth, boxHeight",0,,5,2026-06-12,9289a0a|chore(release): 2.0.0-next.66 [skip ci],poi-selection-frame.ts,no (unchanged since import)
obc-poi-vessel,ObcPoiVessel,src/ar/poi/poi-vessel.ts,AR/POI/POI Vessel,src/ar/poi/poi-vessel.stories.ts,PoiBase,4,"vesselType, vesselStyle, vesselState, vesselInteractive",23,"type <- PoiBase, value <- PoiBase, state <- PoiBase, selected <- PoiBase, buttonType <- PoiBase, overlapOpaque <- PoiBase, data <- PoiBase, hasHeader <- PoiBase, headerContent <- PoiBase, hasPointer <- PoiBase, pointerType <- PoiBase, pointerState <- PoiBase, relativeDirection <- PoiBase, x <- PoiBase, y <- PoiBase, buttonY <- PoiBase, fixedTarget <- PoiBase, boxWidth <- PoiBase, boxHeight <- PoiBase, outsideAngle <- PoiBase, animatePosition <- PoiBase, get <- PoiBase, get <- PoiBase",27,2026-06-12,9289a0a|chore(release): 2.0.0-next.66 [skip ci],poi-vessel.ts,no (unchanged since import)
obc-polar-chart,ObcPolarChart,src/bars-graphs/polar-chart/polar-chart.ts,Bars and Graphs/Polar Chart,src/bars-graphs/polar-chart/polar-chart.stories.ts,LitElement,14,"data, colors, priority, monochrome, discreteColorStops, showSectorLabels, showUnit, showOuterLabels, outerLabelUnit, outerLabelMaxLength, outerLabelDecimalPlaces, fixedHeight, legend, showDebugOverlay",0,,14,2026-06-12,9289a0a|chore(release): 2.0.0-next.66 [skip ci],polar-chart.ts,no (unchanged since import)
obc-progress-bar,ObcProgressBar,src/components/progress-bar/progress-bar.ts,UI Components/Messages and Notifications/Progress Bar,src/components/progress-bar/progress-bar.stories.ts,LitElement,11,"type, mode, circularState, value, showValue, showUnit, hasDescription, description, showState, stateLabel, progressiveIndeterminate",0,,11,2026-06-12,9289a0a|chore(release): 2.0.0-next.66 [skip ci],progress-bar.ts,no (unchanged since import)
obc-progress-button,ObcProgressButton,src/components/progress-button/progress-button.ts,UI Components/Messages and Notifications/Progress Button,src/components/progress-button/progress-button.stories.ts,LitElement,12,"type, buttonStyle, mode, value, label, disabled, showProgress, hasLeadingIcon, hasTrailingIcon, hasAlert, progressiveIndeterminate, showLabel",0,,12,2026-06-12,9289a0a|chore(release): 2.0.0-next.66 [skip ci],progress-button.ts,no (unchanged since import)
obc-propulsion-azimuth-indicator,ObcPropulsionAzimuthIndicator,src/navigation-instruments/propulsion-azimuth-indicator/propulsion-azimuth-indicator.ts,Indicators/Propulsion Azimuth Indicator,src/navigation-instruments/propulsion-azimuth-indicator/propulsion-azimuth-indicator.stories.ts,LitElement,5,"type, hasSilhouette, azimuth, value, state",0,,5,2026-06-12,9289a0a|chore(release): 2.0.0-next.66 [skip ci],propulsion-azimuth-indicator.ts,no (unchanged since import)
obc-pump,ObcPump,src/automation/pump/pump.ts,Automation/Automation Devices/Pump,src/automation/pump/pump.stories.ts,ObcAbstractAutomationButtonMotorized -> ObcAbstractAutomationButton,1,vertical,27,"on <- ObcAbstractAutomationButtonMotorized, speedInPercent <- ObcAbstractAutomationButtonMotorized, speed <- ObcAbstractAutomationButtonMotorized, speedUnit <- ObcAbstractAutomationButtonMotorized, speedMaxDigits <- ObcAbstractAutomationButtonMotorized, labelDirection <- ObcAbstractAutomationButtonMotorized, variant <- ObcAbstractAutomationButtonMotorized, direction <- ObcAbstractAutomationButtonMotorized, showReadoutStack <- ObcAbstractAutomationButton, readoutPosition <- ObcAbstractAutomationButton, readoutSize <- ObcAbstractAutomationButton, positioning <- ObcAbstractAutomationButton, alert <- ObcAbstractAutomationButton, alertFrameType <- ObcAbstractAutomationButton, alertFrameThickness <- ObcAbstractAutomationButton, alertFrameStatus <- ObcAbstractAutomationButton, alertFrameMode <- ObcAbstractAutomationButton, showAlertCategoryIcon <- ObcAbstractAutomationButton, showAlertIcon <- ObcAbstractAutomationButton, progress <- ObcAbstractAutomationButton, progressMode <- ObcAbstractAutomationButton, progressValue <- ObcAbstractAutomationButton, tag <- ObcAbstractAutomationButton, badgeControl <- ObcAbstractAutomationButton, badgeCommandLocked <- ObcAbstractAutomationButton, badgeInterlock <- ObcAbstractAutomationButton, badgeAlert <- ObcAbstractAutomationButton",28,2026-06-18,34fe3d1|docs: add @availebleWhen jsdoc (#982),abstract-automation-button-motorized.ts,yes
obc-radial-bar-chart,ObcRadialBarChart,src/bars-graphs/radial-bar-chart/radial-bar-chart.ts,Bars and Graphs/Radial Bar Chart,src/bars-graphs/radial-bar-chart/radial-bar-chart.stories.ts,LitElement,9,"data, colors, priority, max, circumference, legend, showDebugOverlay, fixedHeight, minRingThickness",0,,9,2026-06-12,9289a0a|chore(release): 2.0.0-next.66 [skip ci],radial-bar-chart.ts,no (unchanged since import)
obc-radio,ObcRadio,src/components/radio/radio.ts,UI Components/Selection Controls and Switches/Radio Button,src/components/radio/radio.stories.ts,LitElement,7,"label, name, value, checked, disabled, required, inputId",0,,7,2026-06-12,9289a0a|chore(release): 2.0.0-next.66 [skip ci],radio.ts,no (unchanged since import)
obc-rate-of-turn,ObcRateOfTurn,src/navigation-instruments/rate-of-turn/rate-of-turn.ts,Instruments/Rate of Turn,src/navigation-instruments/rate-of-turn/rate-of-turn.stories.ts,LitElement,11,"rateOfTurnDegreesPerMinute, rotDotAnimationFactor, rotationsPerMinute, rotType, rotPosition, priority, barStartAngle, barEndAngle, watchCircleType, rotPortStarboard, rotAtZeroDeadband",0,,11,2026-06-12,9289a0a|chore(release): 2.0.0-next.66 [skip ci],rate-of-turn.ts,no (unchanged since import)
obc-readout,ObcReadout,src/navigation-instruments/readout/readout.ts,Instruments/Readout,src/navigation-instruments/readout/readout.stories.ts,LitElement,42,"value, hasSetpoint, setpointValue, variant, hasDegree, label, unit, src, off, valuePriority, dataState, setpointInteraction, direction, setpointSize, alignment, hug, hasSetpointDivider, hasSourceDivider, showZeroPadding, fractionDigits, minValueLength, valueHasHintedZeros, labelOnly, hasSrcPicker, sourceDeltaValue, sourceType, hasLeadingIcon, alert, sourceHug, hasSourceLeadingIcon, hasSourceTrailingIcon, hasAdvice, adviceValue, adviceFormat, adviceState, adviceSecondaryValue, adviceDescription, adviceHasHintedZeros, setpointFormat, setpointSecondaryValue, setpointDescription, setpointHasHintedZeros",0,,42,2026-06-12,9289a0a|chore(release): 2.0.0-next.66 [skip ci],readout.ts,no (unchanged since import)
obc-readout-advice,ObcReadoutAdvice,src/navigation-instruments/readout-advice/readout-advice.ts,Instruments/Readout Advice,src/navigation-instruments/readout-advice/readout-advice.stories.ts,LitElement,14,"readoutStyle, direction, size, format, priority, state, hugContent, value, secondaryValue, description, minValueLength, hasHintedZeros, fractionDigits, hasDegree",0,,14,2026-06-12,9289a0a|chore(release): 2.0.0-next.66 [skip ci],readout-advice.ts,no (unchanged since import)
obc-readout-list-item,ObcReadoutListItem,src/navigation-instruments/readout-list-item/readout-list-item.ts,Instruments/Readout List Item,src/navigation-instruments/readout-list-item/readout-list-item.stories.ts,LitElement,22,"size, stacking, priority, dataState, alert, label, unit, src, value, setpointValue, hasSetpoint, hasDegree, hasUnit, hasLabel, hasSource, hasLeadingIcon, hasValueIcon, fractionDigits, showZeroPadding, minValueLength, hasHintedZeros, labelOnly",0,,22,2026-06-12,9289a0a|chore(release): 2.0.0-next.66 [skip ci],readout-list-item.ts,no (unchanged since import)
obc-readout-setpoint,ObcReadoutSetpoint,src/navigation-instruments/readout-setpoint/readout-setpoint.ts,Instruments/Readout Setpoint,src/navigation-instruments/readout-setpoint/readout-setpoint.stories.ts,LitElement,19,"variant, readoutStyle, direction, size, valueTypography, format, mode, priority, hugContent, minValueLength, value, secondaryValue, off, description, hasHintedZeros, hasDegree, showZeroPadding, fractionDigits, reserveSpaceForIcon",0,,19,2026-06-12,9289a0a|chore(release): 2.0.0-next.66 [skip ci],readout-setpoint.ts,no (unchanged since import)
obc-resistor,ObcResistor,src/automation/resistor/resistor.ts,Automation/Automation Devices/Resistor,src/automation/resistor/resistor.stories.ts,ObcAbstractAutomationButtonSquared -> ObcAbstractAutomationButton,1,alternativeIcon,22,"on <- ObcAbstractAutomationButtonSquared, variant <- ObcAbstractAutomationButtonSquared, orientation <- ObcAbstractAutomationButtonSquared, showReadoutStack <- ObcAbstractAutomationButton, readoutPosition <- ObcAbstractAutomationButton, readoutSize <- ObcAbstractAutomationButton, positioning <- ObcAbstractAutomationButton, alert <- ObcAbstractAutomationButton, alertFrameType <- ObcAbstractAutomationButton, alertFrameThickness <- ObcAbstractAutomationButton, alertFrameStatus <- ObcAbstractAutomationButton, alertFrameMode <- ObcAbstractAutomationButton, showAlertCategoryIcon <- ObcAbstractAutomationButton, showAlertIcon <- ObcAbstractAutomationButton, progress <- ObcAbstractAutomationButton, progressMode <- ObcAbstractAutomationButton, progressValue <- ObcAbstractAutomationButton, tag <- ObcAbstractAutomationButton, badgeControl <- ObcAbstractAutomationButton, badgeCommandLocked <- ObcAbstractAutomationButton, badgeInterlock <- ObcAbstractAutomationButton, badgeAlert <- ObcAbstractAutomationButton",23,2026-06-19,ac05f94|feat(automation): add orientation prop to squared automation devices (#987),abstract-automation-button-squared.ts,yes
obc-rich-button,ObcRichButton,src/components/rich-button/rich-button.ts,UI Components/Buttons/Rich Button,src/components/rich-button/rich-button.stories.ts,LitElement,8,"label, description, direction, hasLeadingIcon, hasTrailingIcon, disabled, fullWidth, fullHeight",0,,8,2026-06-12,9289a0a|chore(release): 2.0.0-next.66 [skip ci],rich-button.ts,no (unchanged since import)
obc-roll,ObcRoll,src/navigation-instruments/roll/roll.ts,Instruments/Roll,src/navigation-instruments/roll/roll.stories.ts,SingleAxisInclinometer,11,"roll, minAvgRoll, maxAvgRoll, vesselImageFore, scaleForeImage, maxRollAdvice, triggerRollAdvice, label, unit, fractionDigits, type",4,"zoomToFitArc <- SingleAxisInclinometer, hasReadout <- SingleAxisInclinometer, priority <- SingleAxisInclinometer, arcAngle <- SingleAxisInclinometer",15,2026-06-12,9289a0a|chore(release): 2.0.0-next.66 [skip ci],roll.ts,no (unchanged since import)
obc-roll-indicator,ObcRollIndicator,src/navigation-instruments/roll-indicator/roll-indicator.ts,Indicators/Roll Indicator,src/navigation-instruments/roll-indicator/roll-indicator.stories.ts,LitElement,2,"type, value",0,,2,2026-06-12,9289a0a|chore(release): 2.0.0-next.66 [skip ci],roll-indicator.ts,no (unchanged since import)
obc-rot-indicator,ObcRotIndicator,src/navigation-instruments/rot-indicator/rot-indicator.ts,Indicators/Rate of Turn Indicator,src/navigation-instruments/rot-indicator/rot-indicator.stories.ts,LitElement,4,"type, rateOfTurnDegreesPerMinute, rotDotAnimationFactor, rotationsPerMinute",0,,4,2026-06-12,9289a0a|chore(release): 2.0.0-next.66 [skip ci],rot-indicator.ts,no (unchanged since import)
obc-rot-sector,ObcRotSector,src/navigation-instruments/rot-sector/rot-sector.ts,Instruments/Rate of Turn Sector,src/navigation-instruments/rot-sector/rot-sector.stories.ts,SetpointMixin,19,"value, maxValue, set, set, showLabels, tickmarksInside, primaryTickmarkInterval, secondaryTickmarkInterval, tertiaryTickmarkInterval, priority, portStarboard, tickmarkStyle, advices, zoomToFitArc, rotArcExtent, hasReadout, label, unit, fractionDigits",9,"setpoint <- SetpointMixin, newSetpoint <- SetpointMixin, atSetpoint <- SetpointMixin, touching <- SetpointMixin, autoAtSetpoint <- SetpointMixin, autoAtSetpointDeadband <- SetpointMixin, setpointAtZeroDeadband <- SetpointMixin, setpointOverride <- SetpointMixin, animateSetpoint <- SetpointMixin",28,2026-06-12,9289a0a|chore(release): 2.0.0-next.66 [skip ci],rot-sector.ts,no (unchanged since import)
obc-router,ObcRouter,src/automation/router/router.ts,Automation/Automation Devices/Router,src/automation/router/router.stories.ts,ObcAbstractAutomationButtonSquared -> ObcAbstractAutomationButton,1,alternativeIcon,22,"on <- ObcAbstractAutomationButtonSquared, variant <- ObcAbstractAutomationButtonSquared, orientation <- ObcAbstractAutomationButtonSquared, showReadoutStack <- ObcAbstractAutomationButton, readoutPosition <- ObcAbstractAutomationButton, readoutSize <- ObcAbstractAutomationButton, positioning <- ObcAbstractAutomationButton, alert <- ObcAbstractAutomationButton, alertFrameType <- ObcAbstractAutomationButton, alertFrameThickness <- ObcAbstractAutomationButton, alertFrameStatus <- ObcAbstractAutomationButton, alertFrameMode <- ObcAbstractAutomationButton, showAlertCategoryIcon <- ObcAbstractAutomationButton, showAlertIcon <- ObcAbstractAutomationButton, progress <- ObcAbstractAutomationButton, progressMode <- ObcAbstractAutomationButton, progressValue <- ObcAbstractAutomationButton, tag <- ObcAbstractAutomationButton, badgeControl <- ObcAbstractAutomationButton, badgeCommandLocked <- ObcAbstractAutomationButton, badgeInterlock <- ObcAbstractAutomationButton, badgeAlert <- ObcAbstractAutomationButton",23,2026-06-19,ac05f94|feat(automation): add orientation prop to squared automation devices (#987),abstract-automation-button-squared.ts,yes
obc-rudder,ObcRudder,src/navigation-instruments/rudder/rudder.ts,Instruments/Rudder,src/navigation-instruments/rudder/rudder.stories.ts,SetpointMixin,10,"angle, variant, maxAngle, showLabels, tickmarksInside, state, priority, tickmarkStyle, advices, zoomToFitArc",9,"setpoint <- SetpointMixin, newSetpoint <- SetpointMixin, atSetpoint <- SetpointMixin, touching <- SetpointMixin, autoAtSetpoint <- SetpointMixin, autoAtSetpointDeadband <- SetpointMixin, setpointAtZeroDeadband <- SetpointMixin, setpointOverride <- SetpointMixin, animateSetpoint <- SetpointMixin",19,2026-06-12,9289a0a|chore(release): 2.0.0-next.66 [skip ci],rudder.ts,no (unchanged since import)
obc-rudder-indicator,ObcRudderIndicator,src/navigation-instruments/rudder-indicator/rudder-indicator.ts,Indicators/Rudder Indicator,src/navigation-instruments/rudder-indicator/rudder-indicator.stories.ts,LitElement,4,"angle, setpoint, state, hasSilhouette",0,,4,2026-06-12,9289a0a|chore(release): 2.0.0-next.66 [skip ci],rudder-indicator.ts,no (unchanged since import)
obc-ruler-pointer,ObcRulerPointer,src/ar/building-blocks/ruler-pointer/ruler-pointer.ts,AR/Building Blocks/Ruler Pointer,src/ar/building-blocks/ruler-pointer/ruler-pointer.stories.ts,LitElement,1,type,0,,1,2026-06-12,9289a0a|chore(release): 2.0.0-next.66 [skip ci],ruler-pointer.ts,no (unchanged since import)
obc-scrollbar,ObcScrollbar,src/components/scrollbar/scrollbar.ts,UI Components/Menus and Navigation/Scrollbar,src/components/scrollbar/scrollbar.stories.ts,LitElement,1,transparentTrack,0,,1,2026-06-12,9289a0a|chore(release): 2.0.0-next.66 [skip ci],scrollbar.ts,no (unchanged since import)
obc-sequence-card,ObcSequenceCard,src/components/sequence-card/sequence-card.ts,UI Components/Sections/Sequence Card,src/components/sequence-card/sequence-card.stories.ts,LitElement,21,"size, titleType, progressType, state, fullWidth, fullHeight, horizontal, showConnector, hasLeadingIcon, cardTitle, subtitle, hasTimeStamp, timeLabel, time, hasContent, hasActions, progressLabel, progressValue, leftTime, indicatorTypeOverride, indicatorStyleOverride",0,,21,2026-06-12,9289a0a|chore(release): 2.0.0-next.66 [skip ci],sequence-card.ts,no (unchanged since import)
obc-sequence-connector,ObcSequenceConnector,src/components/sequence-connector/sequence-connector.ts,Automation/Sequence Connector,src/components/sequence-connector/sequence-connector.stories.ts,LitElement,4,"type, state, direction, loadingBarPercent",0,,4,2026-06-12,9289a0a|chore(release): 2.0.0-next.66 [skip ci],sequence-connector.ts,no (unchanged since import)
obc-sequence-item,ObcSequenceItem,src/components/sequence-item/sequence-item.ts,Title,src/components/sequence-item/sequence-item.stories.ts,LitElement,20,"orientation, labelType, state, title, hasSubtitle, subtitle, hasDescription, description, hasStamp, hasTimeStamp, timeStamp, hasDistanceStamp, distanceStamp, stepLabel, stepType, stepStyle, stepValue, showStepInputConnector, showStepOutputConnector, stepHasIcon",0,,20,2026-06-12,9289a0a|chore(release): 2.0.0-next.66 [skip ci],sequence-item.ts,no (unchanged since import)
obc-sequence-loading-spinner,ObcSequenceLoadingSpinner,src/components/sequence-loading-spinner/sequence-loading-spinner.ts,Building Blocks/Sequence Loading Spinner,src/components/sequence-loading-spinner/sequence-loading-spinner.stories.ts,LitElement,4,"type, progression, rotationDurationMs, progressPercent",0,,4,2026-06-12,9289a0a|chore(release): 2.0.0-next.66 [skip ci],sequence-loading-spinner.ts,no (unchanged since import)
obc-sequence-modal,ObcSequenceModal,src/components/sequence-modal/sequence-modal.ts,UI Components/Sections/Sequence Modal,src/components/sequence-modal/sequence-modal.stories.ts,LitElement,10,"type, stepLabel, stepValue, modalTitle, subtitle, hasTimeStamp, timeValue, timeLabel, hasActions, closeLabel",0,,10,2026-06-12,9289a0a|chore(release): 2.0.0-next.66 [skip ci],sequence-modal.ts,no (unchanged since import)
obc-sequence-step,ObcSequenceStep,src/components/sequence-step/sequence-step.ts,Automation/Sequence Step,src/components/sequence-step/sequence-step.stories.ts,LitElement,9,"orientation, type, styleType, value, variant, hasIcon, showStepInputConnector, showStepOutputConnector, inputConnectorExtended",0,,9,2026-06-12,9289a0a|chore(release): 2.0.0-next.66 [skip ci],sequence-step.ts,no (unchanged since import)
obc-sequence-toolbar,ObcSequenceToolbar,src/components/sequence-toolbar/sequence-toolbar.ts,Automation/Sequence Toolbar,src/components/sequence-toolbar/sequence-toolbar.stories.ts,LitElement,2,"type, hasAdd",0,,2,2026-06-12,9289a0a|chore(release): 2.0.0-next.66 [skip ci],sequence-toolbar.ts,no (unchanged since import)
obc-slide-button,ObcSlideButton,src/components/slide-button/slide-button.ts,UI Components/Buttons/Slide Button,src/components/slide-button/slide-button.stories.ts,LitElement,4,"disabled, hasLeadingIcon, hugContent, autoDisable",0,,4,2026-06-12,9289a0a|chore(release): 2.0.0-next.66 [skip ci],slide-button.ts,no (unchanged since import)
obc-slider,ObcSlider,src/components/slider/slider.ts,UI Components/Input Controls/Slider,src/components/slider/slider.stories.ts,LitElement,11,"value, min, max, step, stepClick, variant, hasLeftIcon, hasRightIcon, allowSeeking, seekingSpeed, disabled",0,,11,2026-06-12,9289a0a|chore(release): 2.0.0-next.66 [skip ci],slider.ts,no (unchanged since import)
obc-slider-double,ObcSliderDouble,src/components/slider-double/slider-double.ts,UI Components/Input Controls/Slider Double,src/components/slider-double/slider-double.stories.ts,LitElement,16,"low, high, min, max, step, stepClick, variant, allowSeeking, disabled, seekingSpeed, labelUnit, labelDecimals, labelWidth, showLeftReadout, showRightReadout, hugContainer",0,,16,2026-06-12,9289a0a|chore(release): 2.0.0-next.66 [skip ci],slider-double.ts,no (unchanged since import)
obc-source,ObcSource,src/automation/source/source.ts,Automation/Automation Devices/Source,src/automation/source/source.stories.ts,ObcAbstractAutomationButtonSquared -> ObcAbstractAutomationButton,1,alternativeIcon,22,"on <- ObcAbstractAutomationButtonSquared, variant <- ObcAbstractAutomationButtonSquared, orientation <- ObcAbstractAutomationButtonSquared, showReadoutStack <- ObcAbstractAutomationButton, readoutPosition <- ObcAbstractAutomationButton, readoutSize <- ObcAbstractAutomationButton, positioning <- ObcAbstractAutomationButton, alert <- ObcAbstractAutomationButton, alertFrameType <- ObcAbstractAutomationButton, alertFrameThickness <- ObcAbstractAutomationButton, alertFrameStatus <- ObcAbstractAutomationButton, alertFrameMode <- ObcAbstractAutomationButton, showAlertCategoryIcon <- ObcAbstractAutomationButton, showAlertIcon <- ObcAbstractAutomationButton, progress <- ObcAbstractAutomationButton, progressMode <- ObcAbstractAutomationButton, progressValue <- ObcAbstractAutomationButton, tag <- ObcAbstractAutomationButton, badgeControl <- ObcAbstractAutomationButton, badgeCommandLocked <- ObcAbstractAutomationButton, badgeInterlock <- ObcAbstractAutomationButton, badgeAlert <- ObcAbstractAutomationButton",23,2026-06-19,ac05f94|feat(automation): add orientation prop to squared automation devices (#987),abstract-automation-button-squared.ts,yes
obc-speed-arrows,ObcSpeedArrows,src/navigation-instruments/speed-arrows/speed-arrows.ts,Instruments/Speed Arrows,src/navigation-instruments/speed-arrows/speed-arrows.stories.ts,LitElement,8,"speedKnots, readout, maxDigits, fractionDigits, nActiveArrows, direction, activeColor, tintedArrows",0,,8,2026-06-12,9289a0a|chore(release): 2.0.0-next.66 [skip ci],speed-arrows.ts,no (unchanged since import)
obc-speed-gauge,ObcSpeedGauge,src/navigation-instruments/speed-gauge/speed-gauge.ts,Instruments/Speed Gauge,src/navigation-instruments/speed-gauge/speed-gauge.stories.ts,SetpointMixin,14,"speed, maxSpeed, minSpeed, showLabels, tickmarksInside, tickmarkInterval, priority, needleType, speedAdvices, tickmarkStyle, hasReadout, label, unit, fractionDigits",9,"setpoint <- SetpointMixin, newSetpoint <- SetpointMixin, atSetpoint <- SetpointMixin, touching <- SetpointMixin, autoAtSetpoint <- SetpointMixin, autoAtSetpointDeadband <- SetpointMixin, setpointAtZeroDeadband <- SetpointMixin, setpointOverride <- SetpointMixin, animateSetpoint <- SetpointMixin",23,2026-06-12,9289a0a|chore(release): 2.0.0-next.66 [skip ci],speed-gauge.ts,no (unchanged since import)
obc-speed-indicator,ObcSpeedIndicator,src/navigation-instruments/speed-indicator/speed-indicator.ts,Indicators/Speed Indicator,src/navigation-instruments/speed-indicator/speed-indicator.stories.ts,LitElement,4,"type, speed, maxSpeed, longLatLevels",0,,4,2026-06-12,9289a0a|chore(release): 2.0.0-next.66 [skip ci],speed-indicator.ts,no (unchanged since import)
obc-split-button,ObcSplitButton,src/components/split-button/split-button.ts,UI Components/Buttons/Split Button,src/components/split-button/split-button.stories.ts,LitElement,14,"label, hasIcon, options, selectedValues, menuType, multiSelect, selectPerGroup, itemsPerColumn, hasTitleBar, menuTitle, fullWidth, disabled, openTop, columnGroups",0,,14,2026-06-12,9289a0a|chore(release): 2.0.0-next.66 [skip ci],split-button.ts,no (unchanged since import)
obc-start-stop-switch,ObcStartStopSwitch,src/components/start-stop-switch/start-stop-switch.ts,UI Components/Selection Controls and Switches/Start Stop Switch,src/components/start-stop-switch/start-stop-switch.stories.ts,LitElement,9,"checked, showUncheckedStateIcon, variant, showCheckedStateIcon, size, disabled, hasAlert, hasDescription, description",0,,9,2026-06-12,9289a0a|chore(release): 2.0.0-next.66 [skip ci],start-stop-switch.ts,no (unchanged since import)
obc-status-indicator,ObcStatusIndicator,src/components/status-indicator/status-indicator.ts,UI Components/Message and Alerts/Status Indicator,src/components/status-indicator/status-indicator.stories.ts,LitElement,1,status,0,,1,2026-06-12,9289a0a|chore(release): 2.0.0-next.66 [skip ci],status-indicator.ts,no (unchanged since import)
obc-stepper-box,ObcStepperBox,src/components/stepper-box/stepper-box.ts,UI Components/Input Controls/Stepper Box,src/components/stepper-box/stepper-box.stories.ts,LitElement,11,"type, disabled, value, min, max, stepUp, stepDown, unit, helperText, placeholder, readonly",0,,11,2026-06-12,9289a0a|chore(release): 2.0.0-next.66 [skip ci],stepper-box.ts,no (unchanged since import)
obc-switch,ObcSwitch,src/automation/switch/switch.ts,Automation/Automation Devices/Switch,src/automation/switch/switch.stories.ts,ObcAbstractAutomationButtonSquared -> ObcAbstractAutomationButton,1,alternativeIcon,22,"on <- ObcAbstractAutomationButtonSquared, variant <- ObcAbstractAutomationButtonSquared, orientation <- ObcAbstractAutomationButtonSquared, showReadoutStack <- ObcAbstractAutomationButton, readoutPosition <- ObcAbstractAutomationButton, readoutSize <- ObcAbstractAutomationButton, positioning <- ObcAbstractAutomationButton, alert <- ObcAbstractAutomationButton, alertFrameType <- ObcAbstractAutomationButton, alertFrameThickness <- ObcAbstractAutomationButton, alertFrameStatus <- ObcAbstractAutomationButton, alertFrameMode <- ObcAbstractAutomationButton, showAlertCategoryIcon <- ObcAbstractAutomationButton, showAlertIcon <- ObcAbstractAutomationButton, progress <- ObcAbstractAutomationButton, progressMode <- ObcAbstractAutomationButton, progressValue <- ObcAbstractAutomationButton, tag <- ObcAbstractAutomationButton, badgeControl <- ObcAbstractAutomationButton, badgeCommandLocked <- ObcAbstractAutomationButton, badgeInterlock <- ObcAbstractAutomationButton, badgeAlert <- ObcAbstractAutomationButton",23,2026-06-19,ac05f94|feat(automation): add orientation prop to squared automation devices (#987),abstract-automation-button-squared.ts,yes
obc-system-button,ObcSystemButton,src/components/system-button/system-button.ts,Application Components/Menus/System Button,src/components/system-button/system-button.stories.ts,LitElement,5,"variant, disabled, systemState, menuOpen, activePanel",0,,5,2026-06-12,9289a0a|chore(release): 2.0.0-next.66 [skip ci],system-button.ts,no (unchanged since import)
obc-system-menu,ObcSystemMenu,src/components/system-menu/system-menu.ts,Application Components/Menus/System Menu,src/components/system-menu/system-menu.stories.ts,LitElement,9,"wifiState, audioState, microphoneState, batteryState, condensed, showSettingsButton, activeSubMenu, externalControl, smallScreen",0,,9,2026-06-12,9289a0a|chore(release): 2.0.0-next.66 [skip ci],system-menu.ts,no (unchanged since import)
obc-tab-item,ObcTabItem,src/components/tab-item/tab-item.ts,UI Components/Menus and Navigation/Tab Item,src/components/tab-item/tab-item.stories.ts,LitElement,18,"hug, centerContent, checked, hasClose, hasLeadingIcon, hasTitle, hasDivider, hasBadge, icon, title, showSubtitle, subtitle, disabled, badgeType, badgeSize, badgeShowNumber, badgeCount, showLeadingBadgeIcon",0,,18,2026-06-12,9289a0a|chore(release): 2.0.0-next.66 [skip ci],tab-item.ts,no (unchanged since import)
obc-tab-row,ObcTabRow,src/components/tab-row/tab-row.ts,UI Components/Menus and Navigation/Tab Row,src/components/tab-row/tab-row.stories.ts,LitElement,6,"tabs, selectedTabId, hasClose, hug, showSubtitle, hasAddNewTab",0,,6,2026-06-12,9289a0a|chore(release): 2.0.0-next.66 [skip ci],tab-row.ts,no (unchanged since import)
obc-tabbed-card,ObcTabbedCard,src/components/tabbed-card/tabbed-card.ts,UI Components/Sections/Tabbed Card,src/components/tabbed-card/tabbed-card.stories.ts,LitElement,4,"nTabs, selectedTab, hasDefaultSlotOnly, hasTabIcons",0,,4,2026-06-12,9289a0a|chore(release): 2.0.0-next.66 [skip ci],tabbed-card.ts,no (unchanged since import)
obc-table,ObcTable,src/components/table/table.ts,UI Components/Tables/Table,src/components/table/table.stories.ts,LitElement,10,"data, columns, rowDivider, narrowHeader, showHeader, striped, selectable, selectedRowIds, defaultSelectedRowIds, selectAllAriaLabel",0,,10,2026-06-12,9289a0a|chore(release): 2.0.0-next.66 [skip ci],table.ts,no (unchanged since import)
obc-table-header-item,ObcTableHeaderItem,src/components/table-header-item/table-header-item.ts,UI Components/Tables/Building Blocks/Table Header Item,src/components/table-header-item/table-header-item.stories.ts,LitElement,7,"type, disabled, hasLeadingIcon, sortDirection, showDivider, checked, sortable",0,,7,2026-06-12,9289a0a|chore(release): 2.0.0-next.66 [skip ci],table-header-item.ts,no (unchanged since import)
obc-tag,ObcTag,src/components/tag/tag.ts,UI Components/Selection Controls and Switches/Tag,src/components/tag/tag.stories.ts,LitElement,4,"label, color, size, hasIcon",0,,4,2026-06-12,9289a0a|chore(release): 2.0.0-next.66 [skip ci],tag.ts,no (unchanged since import)
obc-text-input-field,ObcTextInputField,src/components/text-input-field/text-input-field.ts,UI Components/Input Controls/Text Input Field,src/components/text-input-field/text-input-field.stories.ts,LitElement,24,"value, placeholder, type, textAlign, disabled, readonly, error, errorText, rejectUpdatesOnFocus, rejectUpdates, rejectDuplicateUpdates, name, maxlength, minlength, size, hasLeadingIcon, hasClearButton, helperText, label, required, hasLabelIcon, labelPlacement, hasHelperIcon, helperPlacement",0,,24,2026-06-12,9289a0a|chore(release): 2.0.0-next.66 [skip ci],text-input-field.ts,no (unchanged since import)
obc-textarea-field,ObcTextareaField,src/components/textarea-field/textarea-field.ts,UI Components/Input Controls/Textarea Field,src/components/textarea-field/textarea-field.stories.ts,LitElement,22,"type, value, rejectUpdatesOnFocus, rejectUpdates, rejectDuplicateUpdates, placeholder, label, errorText, maxlength, disabled, error, required, showLabel, showToolbar, showVoiceRecording, hasLeadingIcon, recording, recordingDuration, audioLevels, recordingStatus, playbackPosition, attachments",0,,22,2026-06-12,9289a0a|chore(release): 2.0.0-next.66 [skip ci],textarea-field.ts,no (unchanged since import)
obc-textbox,ObcTextbox,src/components/textbox/textbox.ts,Building Blocks/Textbox,src/components/textbox/textbox.stories.ts,LitElement,3,"alignment, size, fontWeight",0,,3,2026-06-17,3c7b45c|feat(textbox): add cap-height-trimmed text container (#975),textbox.ts,yes
obc-three-way-line,ObcThreeWayLine,src/automation/three-way-line/three-way-line.ts,Automation/Line/Three Way Line,src/automation/three-way-line/three-way-line.stories.ts,LitElement,3,"medium, direction, lineType",0,,3,2026-06-12,9289a0a|chore(release): 2.0.0-next.66 [skip ci],three-way-line.ts,no (unchanged since import)
obc-thruster,ObcThruster,src/navigation-instruments/thruster/thruster.ts,Instruments/Thruster,src/navigation-instruments/thruster/thruster.stories.ts,SetpointMixin,10,"thrust, state, priority, tunnel, singleSided, singleDirection, singleDirectionHalfSize, advices, topPropeller, bottomPropeller",9,"setpoint <- SetpointMixin, newSetpoint <- SetpointMixin, atSetpoint <- SetpointMixin, touching <- SetpointMixin, autoAtSetpoint <- SetpointMixin, autoAtSetpointDeadband <- SetpointMixin, setpointAtZeroDeadband <- SetpointMixin, setpointOverride <- SetpointMixin, animateSetpoint <- SetpointMixin",19,2026-06-12,9289a0a|chore(release): 2.0.0-next.66 [skip ci],thruster.ts,no (unchanged since import)
obc-title-container,ObcTitleContainer,src/components/title-container/title-container.ts,UI Components/Forms/Title Container,src/components/title-container/title-container.stories.ts,LitElement,3,"state, titleValue, label",0,,3,2026-06-12,9289a0a|chore(release): 2.0.0-next.66 [skip ci],title-container.ts,no (unchanged since import)
obc-toggle-button-group,ObcToggleButtonGroup,src/components/toggle-button-group/toggle-button-group.ts,UI Components/Selection Controls and Switches/Toggle Button - Horizontal,src/components/toggle-button-group/toggle-button.stories.ts,LitElement,9,"value, activated, type, variant, hugText, externalControl, allowEmptySelection, disabled, large",0,,9,2026-06-15,6073972|feat: add allowEmptySelection to toggle button group and dropdown button (#965),toggle-button-group.ts,yes
obc-toggle-button-three-state,ObcToggleButtonThreeState,src/components/toggle-button-three-state/toggle-button-three-state.ts,UI Components/Selection Controls and Switches/Toggle Button - Three State,src/components/toggle-button-three-state/toggle-button-three-state.stories.ts,LitElement,2,"state, disabled",0,,2,2026-06-12,9289a0a|chore(release): 2.0.0-next.66 [skip ci],toggle-button-three-state.ts,no (unchanged since import)
obc-toggle-button-vertical-group,ObcToggleButtonVerticalGroup,src/components/toggle-button-vertical-group/toggle-button-vertical-group.ts,UI Components/Selection Controls and Switches/Toggle Button - Vertical,src/components/toggle-button-vertical-group/toggle-button-vertical-group.stories.ts,LitElement,5,"value, type, hugWidth, allowEmptySelection, disabled",0,,5,2026-06-18,9a03aa4|feat(toggle-button-vertical-group): add allowEmptySelection (#979),toggle-button-vertical-group.ts,yes
obc-toggle-switch,ObcToggleSwitch,src/components/toggle-switch/toggle-switch.ts,UI Components/Selection Controls and Switches/Toggle Switch,src/components/toggle-switch/toggle-switch.stories.ts,LitElement,8,"label, checked, disabled, hasDescription, description, hasBottomDivider, hasIcon, externalControl",0,,8,2026-06-12,9289a0a|chore(release): 2.0.0-next.66 [skip ci],toggle-switch.ts,no (unchanged since import)
obc-toggletip,ObcToggletip,src/components/toggletip/toggletip.ts,UI Components/Message and Alerts/Toggletip,src/components/toggletip/toggletip.stories.ts,LitElement,10,"variant, title, description, hasContent, hasActions, hasLeadingIcon, hasTrailingIcon, customWidth, primaryButtonLabel, secondaryButtonLabel",0,,10,2026-06-12,9289a0a|chore(release): 2.0.0-next.66 [skip ci],toggletip.ts,no (unchanged since import)
obc-tooltip,ObcTooltip,src/components/tooltip/tooltip.ts,UI Components/Message and Alerts/Tooltip,src/components/tooltip/tooltip.stories.ts,LitElement,4,"type, variant, label, showIcon",0,,4,2026-06-12,9289a0a|chore(release): 2.0.0-next.66 [skip ci],tooltip.ts,no (unchanged since import)
obc-top-bar,ObcTopBar,src/components/top-bar/top-bar.ts,Application Components/Top Elements/TopBar,src/components/top-bar/top-bar.stories.ts,LitElement,25,"appTitle, pageName, menuButtonIcon, menuButtonActivated, dimmingButtonActivated, appsButtonActivated, leftMoreButtonActivated, userButtonActivated, userButtonDisabled, tall, wideMenuButton, showAppsButton, showDimmingButton, showUserButton, showClock, showDate, showAppIcon, inactive, appButtonBreakpointPx, dimmingButtonBreakpointPx, appTitleBreakpointPx, userButtonBreakpointPx, appIconBreakpointPx, settings, breadcrumbItems",0,,25,2026-06-12,9289a0a|chore(release): 2.0.0-next.66 [skip ci],top-bar.ts,no (unchanged since import)
obc-topbar-message-item,ObcTopbarMessageItem,src/components/topbar-message-item/topbar-message-item.ts,UI Components/Message and Alerts/Topbar Message Item,src/components/topbar-message-item/topbar-message-item.stories.ts,LitElement,7,"type, size, showTitle, showDescription, showTimestamp, hasTimestamp2, hasSecondaryIcon",0,,7,2026-06-12,9289a0a|chore(release): 2.0.0-next.66 [skip ci],topbar-message-item.ts,no (unchanged since import)
obc-transformer,ObcTransformer,src/automation/transformer/transformer.ts,Automation/Automation Devices/Transformer,src/automation/transformer/transformer.stories.ts,ObcAbstractAutomationButtonSquared -> ObcAbstractAutomationButton,1,alternativeIcon,22,"on <- ObcAbstractAutomationButtonSquared, variant <- ObcAbstractAutomationButtonSquared, orientation <- ObcAbstractAutomationButtonSquared, showReadoutStack <- ObcAbstractAutomationButton, readoutPosition <- ObcAbstractAutomationButton, readoutSize <- ObcAbstractAutomationButton, positioning <- ObcAbstractAutomationButton, alert <- ObcAbstractAutomationButton, alertFrameType <- ObcAbstractAutomationButton, alertFrameThickness <- ObcAbstractAutomationButton, alertFrameStatus <- ObcAbstractAutomationButton, alertFrameMode <- ObcAbstractAutomationButton, showAlertCategoryIcon <- ObcAbstractAutomationButton, showAlertIcon <- ObcAbstractAutomationButton, progress <- ObcAbstractAutomationButton, progressMode <- ObcAbstractAutomationButton, progressValue <- ObcAbstractAutomationButton, tag <- ObcAbstractAutomationButton, badgeControl <- ObcAbstractAutomationButton, badgeCommandLocked <- ObcAbstractAutomationButton, badgeInterlock <- ObcAbstractAutomationButton, badgeAlert <- ObcAbstractAutomationButton",23,2026-06-19,ac05f94|feat(automation): add orientation prop to squared automation devices (#987),abstract-automation-button-squared.ts,yes
obc-tree-navigation,ObcTreeNavigation,src/components/tree-navigation/tree-navigation.ts,UI Components/Menus and Navigation/Tree Navigation,src/components/tree-navigation/tree-navigation.stories.ts,LitElement,0,,0,,0,,,,unknown
obc-tree-navigation-item,ObcTreeNavigationItem,src/components/tree-navigation-item/tree-navigation-item.ts,UI Components/Menus and Navigation/Tree Navigation Item,src/components/tree-navigation-item/tree-navigation-item.stories.ts,LitElement,11,"label, branches, expandable, expanded, checked, disabled, focusable, hasLeadingIcon, terminalType, alerts, href",0,,11,2026-06-12,9289a0a|chore(release): 2.0.0-next.66 [skip ci],tree-navigation-item.ts,no (unchanged since import)
obc-tunnel-thruster,ObcTunnelThruster,src/navigation-instruments/propulsion-tunnel-thruster/propulsion-tunnel-thruster.ts,Indicators/Tunnel Thruster,src/navigation-instruments/propulsion-tunnel-thruster/propulsion-tunnel-thruster.stories.ts,LitElement,4,"get, get, state, hasSilhouette",0,,4,2026-06-12,9289a0a|chore(release): 2.0.0-next.66 [skip ci],propulsion-tunnel-thruster.ts,no (unchanged since import)
obc-user-button,ObcUserButton,src/components/user-button/user-button.ts,UI Components/Buttons/User Button,src/components/user-button/user-button.stories.ts,LitElement,7,"variant, size, styleType, static, disabled, initials, label",0,,7,2026-06-12,9289a0a|chore(release): 2.0.0-next.66 [skip ci],user-button.ts,no (unchanged since import)
obc-user-menu,ObcUserMenu,src/components/user-menu/user-menu.ts,Application Components/Menus/User Menu,src/components/user-menu/user-menu.stories.ts,LitElement,11,"type, size, hasRecentlySignedIn, username, password, usernameError, passwordError, userInitials, userLabel, recentUsers, signedInActions",0,,11,2026-06-12,9289a0a|chore(release): 2.0.0-next.66 [skip ci],user-menu.ts,no (unchanged since import)
obc-valve-analog-three-way-icon,ObcValveAnalogThreeWayIcon,src/automation/valve-analog-three-way-icon/valve-analog-three-way-icon.ts,Automation/Icon/Valve Analog Three Way,src/automation/valve-analog-three-way-icon/valve-analog-three-way-icon.stories.ts,LitElement,4,"value, value2, closed, horisontal",0,,4,2026-06-12,9289a0a|chore(release): 2.0.0-next.66 [skip ci],valve-analog-three-way-icon.ts,no (unchanged since import)
obc-valve-analog-two-way-icon,ObcValveAnalogTwoWayIcon,src/automation/valve-analoge-two-way-icon/valve-analog-two-way-icon.ts,Automation/Icon/Valve Analog Two Way,src/automation/valve-analoge-two-way-icon/valve-analog-two-way-icon.stories.ts,LitElement,3,"value, closed, vertical",0,,3,2026-06-12,9289a0a|chore(release): 2.0.0-next.66 [skip ci],valve-analog-two-way-icon.ts,no (unchanged since import)
obc-velocity-projection-plot,ObcVelocityProjectionPlot,src/navigation-instruments/velocity-projection-plot/velocity-projection-plot.ts,Instruments/Velocity Projection,src/navigation-instruments/velocity-projection-plot/velocity-projection-plot.stories.ts,LitElement,6,"dataPoints, currentWindFromDirection, currentWindSpeedKnots, currentFromDirection, currentSpeedKnots, vesselImage",0,,6,2026-06-12,9289a0a|chore(release): 2.0.0-next.66 [skip ci],velocity-projection-plot.ts,no (unchanged since import)
obc-vendor-button,ObcVendorButton,src/components/vendor-button/vendor-button.ts,UI Components/Buttons/Vendor Button,src/components/vendor-button/vendor-button.stories.ts,LitElement,2,"imageSrc, alt",0,,2,2026-06-12,9289a0a|chore(release): 2.0.0-next.66 [skip ci],vendor-button.ts,no (unchanged since import)
obc-vertical-line,ObcVerticalLine,src/automation/vertical-line/vertical-line.ts,Automation/Line/Vertical Line,src/automation/vertical-line/vertical-line.stories.ts,LitElement,3,"medium, lineType, length",0,,3,2026-06-12,9289a0a|chore(release): 2.0.0-next.66 [skip ci],vertical-line.ts,no (unchanged since import)
obc-watch,ObcWatch,src/navigation-instruments/watch/watch.ts,Building Blocks/Watch,src/navigation-instruments/watch/watch.stories.ts,LitElement,52,"state, priority, watchCircleType, northArrow, northArrowInside, angleSetpoint, newAngleSetpoint, atAngleSetpoint, angleSetpointAtZeroDeadband, setpointOverride, touching, animateSetpoint, padding, areas, barAreas, needles, tickmarks, tickmarksInside, tickmarkStyle, advices, crosshairEnabled, showLabels, vessels, windKnots, windFromDirectionDeg, windSymbolRadius, windColor, current, currentFromDirectionDeg, currentSymbolRadius, currentColor, starboardPortIndicator, clipTop, clipBottom, clipLeft, clipRight, endLabelsMaxMin, scaleWindIcon, rotation, zoomToFitArc, arcFrame, tickFadeAngle, rotType, rotPosition, rotStartAngle, rotEndAngle, rotPriority, rotPortStarboard, rotAtZeroDeadband, rateOfTurnDegreesPerMinute, rotDotAnimationFactor, set",0,,52,2026-06-12,9289a0a|chore(release): 2.0.0-next.66 [skip ci],watch.ts,no (unchanged since import)
obc-watch-flat,ObcWatchFlat,src/navigation-instruments/watch-flat/watch-flat.ts,Building Blocks/Watch Flat,src/navigation-instruments/watch-flat/watch-flat.stories.ts,LitElement,24,"width, height, padding, rotation, tickmarkSpacing, angleSetpoint, tickmarks, labels, FOVIndicator, trackHeight, ticksHeight, borderRadius, bottomBar, rotType, rotPosition, rotStartX, rotEndX, rotDotSpacing, rotPriority, rotPortStarboard, rotAtZeroDeadband, rateOfTurnDegreesPerMinute, rotDotAnimationFactor, set",0,,24,2026-06-12,9289a0a|chore(release): 2.0.0-next.66 [skip ci],watch-flat.ts,no (unchanged since import)
obc-wind,ObcWind,src/navigation-instruments/wind/wind.ts,Instruments/Wind,src/navigation-instruments/wind/wind.stories.ts,LitElement,8,"currentWindFromDirection, currentWindSpeedKnots, windHistogramData, vesselImage, vesselHeadingDeg, variant, smallVariantMaxPx, mediumVariantMaxPx",0,,8,2026-06-12,9289a0a|chore(release): 2.0.0-next.66 [skip ci],wind.ts,no (unchanged since import)
obc-wind-propulsion,ObcWindPropulsion,src/navigation-instruments/wind-propulsion/wind-propulsion.ts,Instruments/Wind Propulsion,src/navigation-instruments/wind-propulsion/wind-propulsion.stories.ts,LitElement,23,"forceAngle, sailAngle, sailAngleSetpoint, newSailAngleSetpoint, atSailAngleSetpoint, autoAtSailAngleSetpoint, autoAtSailAngleSetpointDeadband, sailAngleSetpointAtZeroDeadband, sailAngleSetpointOverride, animateSetpoint, touching, force, maxForce, sailType, state, priority, priorityElements, showLabels, tickmarksInside, tickmarkStyle, currentWindSpeedKnots, currentWindFromDirection, sailAngleAdvices",0,,23,2026-06-12,9289a0a|chore(release): 2.0.0-next.66 [skip ci],wind-propulsion.ts,no (unchanged since import)
